Timestamp,gps.lat,gps.lon
2020-08-02 14:20:26.805,43.945155,-78.8968509
2020-08-02 14:20:27.804,43.945155,-78.8968509
2020-08-02 14:20:28.806,43.9451548,-78.8968507
2020-08-02 14:20:29.804,43.9451547,-78.8968511
2020-08-02 14:20:30.805,43.9451549,-78.8968517
2020-08-02 14:20:31.820,43.9451554,-78.8968517
2020-08-02 14:20:32.804,43.9451558,-78.8968514
2020-08-02 14:20:33.807,43.9451557,-78.8968512
2020-08-02 14:20:34.807,43.9451553,-78.896851
2020-08-02 14:20:35.807,43.9451549,-78.8968513
2020-08-02 14:20:36.807,43.9451549,-78.8968516
2020-08-02 14:20:37.807,43.9451553,-78.8968516
2020-08-02 14:20:38.806,43.9451558,-78.8968513
2020-08-02 14:20:39.807,43.9451562,-78.896851
2020-08-02 14:20:40.808,43.9451563,-78.8968509
2020-08-02 14:20:41.808,43.9451564,-78.8968508
2020-08-02 14:20:42.808,43.9451565,-78.8968509
2020-08-02 14:20:43.807,43.9451565,-78.8968512
2020-08-02 14:20:44.809,43.9451563,-78.8968513
2020-08-02 14:20:45.808,43.9451564,-78.8968514
2020-08-02 14:20:46.810,43.9451563,-78.8968515
2020-08-02 14:20:47.810,43.9451563,-78.8968514
2020-08-02 14:20:48.811,43.9451559,-78.8968515
2020-08-02 14:20:49.811,43.9451554,-78.8968516
2020-08-02 14:20:50.811,43.9451548,-78.896852
2020-08-02 14:20:51.811,43.9451544,-78.8968523
2020-08-02 14:20:52.812,43.9451543,-78.8968524
2020-08-02 14:20:53.829,43.9451544,-78.896853
2020-08-02 14:20:54.829,43.9451609,-78.896869
2020-08-02 14:20:55.830,43.9451808,-78.89692
2020-08-02 14:20:56.813,43.9452081,-78.8969744
2020-08-02 14:20:57.813,43.9452403,-78.8970249
2020-08-02 14:20:58.818,43.9452745,-78.8970732
2020-08-02 14:20:59.813,43.9453055,-78.8971182
2020-08-02 14:21:00.814,43.9453337,-78.8971638
2020-08-02 14:21:01.815,43.945361,-78.8972121
2020-08-02 14:21:02.804,43.9453886,-78.8972621
2020-08-02 14:21:03.815,43.9454162,-78.8973119
2020-08-02 14:21:04.818,43.9454383,-78.8973521
2020-08-02 14:21:05.804,43.9454656,-78.897402
2020-08-02 14:21:06.804,43.9454935,-78.8974535
2020-08-02 14:21:07.817,43.9455214,-78.8975045
2020-08-02 14:21:08.804,43.9455497,-78.8975551
2020-08-02 14:21:09.817,43.9455776,-78.8976043
2020-08-02 14:21:10.819,43.9456055,-78.8976539
2020-08-02 14:21:11.805,43.9456335,-78.8977044
2020-08-02 14:21:12.818,43.9456621,-78.8977558
2020-08-02 14:21:13.819,43.9456905,-78.8978063
2020-08-02 14:21:14.818,43.9457132,-78.8978459
2020-08-02 14:21:15.819,43.9457411,-78.8978948
2020-08-02 14:21:16.820,43.9457694,-78.897945
2020-08-02 14:21:17.819,43.9457979,-78.8979956
2020-08-02 14:21:18.804,43.9458265,-78.8980456
2020-08-02 14:21:19.804,43.9458549,-78.898095
2020-08-02 14:21:20.820,43.9458827,-78.8981438
2020-08-02 14:21:21.805,43.9459111,-78.8981939
2020-08-02 14:21:22.805,43.9459394,-78.8982447
2020-08-02 14:21:23.821,43.945968,-78.8982956
2020-08-02 14:21:24.805,43.9459959,-78.8983456
2020-08-02 14:21:25.822,43.946018,-78.8983859
2020-08-02 14:21:26.822,43.9460455,-78.8984366
2020-08-02 14:21:27.823,43.9460736,-78.8984882
2020-08-02 14:21:28.823,43.9461018,-78.8985389
2020-08-02 14:21:29.823,43.9461301,-78.8985892
2020-08-02 14:21:30.823,43.946158,-78.8986384
2020-08-02 14:21:31.824,43.9461862,-78.8986882
2020-08-02 14:21:32.808,43.946215,-78.8987393
2020-08-02 14:21:33.808,43.9462437,-78.8987897
2020-08-02 14:21:34.808,43.9462721,-78.8988397
2020-08-02 14:21:35.810,43.9462945,-78.8988792
2020-08-02 14:21:36.826,43.9463222,-78.8989287
2020-08-02 14:21:37.809,43.9463506,-78.8989797
2020-08-02 14:21:38.810,43.9463794,-78.8990308
2020-08-02 14:21:39.826,43.9464076,-78.8990806
2020-08-02 14:21:40.828,43.9464358,-78.8991302
2020-08-02 14:21:41.811,43.9464637,-78.8991795
2020-08-02 14:21:42.828,43.9464922,-78.89923
2020-08-02 14:21:43.830,43.9465207,-78.8992803
2020-08-02 14:21:44.813,43.9465492,-78.8993302
2020-08-02 14:21:45.813,43.9465715,-78.8993694
2020-08-02 14:21:46.813,43.9465996,-78.899419
2020-08-02 14:21:47.829,43.9466279,-78.8994694
2020-08-02 14:21:48.814,43.9466566,-78.8995203
2020-08-02 14:21:49.831,43.946685,-78.89957
2020-08-02 14:21:50.831,43.9467132,-78.8996192
2020-08-02 14:21:51.831,43.9467414,-78.8996687
2020-08-02 14:21:52.817,43.9467698,-78.8997193
2020-08-02 14:21:53.815,43.9467984,-78.8997702
2020-08-02 14:21:54.804,43.9468266,-78.8998201
2020-08-02 14:21:55.804,43.9468547,-78.8998698
2020-08-02 14:21:56.817,43.9468787,-78.8999096
2020-08-02 14:21:57.818,43.9468901,-78.8999253
2020-08-02 14:21:58.820,43.9468966,-78.8999332
2020-08-02 14:21:59.818,43.9468862,-78.8999357
2020-08-02 14:22:00.818,43.9468547,-78.8999345
2020-08-02 14:22:01.819,43.9468073,-78.8999331
2020-08-02 14:22:02.804,43.9467592,-78.8999351
2020-08-02 14:22:03.804,43.9467128,-78.8999392
2020-08-02 14:22:04.804,43.9466677,-78.8999444
2020-08-02 14:22:05.819,43.9466229,-78.899948
2020-08-02 14:22:06.820,43.9465772,-78.8999498
2020-08-02 14:22:07.820,43.9465312,-78.8999508
2020-08-02 14:22:08.821,43.9464857,-78.8999513
2020-08-02 14:22:09.821,43.9464495,-78.8999515
2020-08-02 14:22:10.821,43.9464039,-78.8999516
2020-08-02 14:22:11.822,43.9463575,-78.8999514
2020-08-02 14:22:12.806,43.9463111,-78.8999509
2020-08-02 14:22:13.808,43.9462653,-78.8999506
2020-08-02 14:22:14.806,43.9462202,-78.8999502
2020-08-02 14:22:15.823,43.9461755,-78.8999496
2020-08-02 14:22:16.823,43.9461295,-78.8999491
2020-08-02 14:22:17.824,43.946083,-78.8999488
2020-08-02 14:22:18.824,43.9460374,-78.8999487
2020-08-02 14:22:19.808,43.9460009,-78.8999491
2020-08-02 14:22:20.828,43.945956,-78.8999496
2020-08-02 14:22:21.825,43.9459103,-78.8999498
2020-08-02 14:22:22.825,43.9458637,-78.89995
2020-08-02 14:22:23.825,43.9458177,-78.8999501
2020-08-02 14:22:24.826,43.9457725,-78.8999504
2020-08-02 14:22:25.827,43.9457271,-78.8999506
2020-08-02 14:22:26.827,43.9456805,-78.8999508
2020-08-02 14:22:27.827,43.9456341,-78.899951
2020-08-02 14:22:28.829,43.9455886,-78.8999512
2020-08-02 14:22:29.812,43.9455528,-78.8999485
2020-08-02 14:22:30.812,43.9455109,-78.899932
2020-08-02 14:22:31.812,43.9454673,-78.8999151
2020-08-02 14:22:32.829,43.9454224,-78.8998997
2020-08-02 14:22:33.829,43.9453773,-78.8998851
2020-08-02 14:22:34.829,43.9453325,-78.8998709
2020-08-02 14:22:35.830,43.9452878,-78.8998569
2020-08-02 14:22:36.815,43.9452421,-78.8998422
2020-08-02 14:22:37.815,43.9451963,-78.8998274
2020-08-02 14:22:38.815,43.945151,-78.899813
2020-08-02 14:22:39.815,43.945106,-78.8997989
2020-08-02 14:22:40.804,43.9450709,-78.8997878
2020-08-02 14:22:41.804,43.945026,-78.8997736
2020-08-02 14:22:42.805,43.944981,-78.8997589
2020-08-02 14:22:43.804,43.9449366,-78.8997445
2020-08-02 14:22:44.816,43.9448924,-78.8997301
2020-08-02 14:22:45.817,43.9448484,-78.8997156
2020-08-02 14:22:46.818,43.9448038,-78.8997008
2020-08-02 14:22:47.819,43.9447587,-78.8996856
2020-08-02 14:22:48.819,43.944714,-78.8996705
2020-08-02 14:22:49.819,43.9446696,-78.8996557
2020-08-02 14:22:50.804,43.9446348,-78.8996443
2020-08-02 14:22:51.804,43.9445905,-78.8996297
2020-08-02 14:22:52.804,43.9445453,-78.899615
2020-08-02 14:22:53.820,43.9445005,-78.8996004
2020-08-02 14:22:54.820,43.9444561,-78.8995861
2020-08-02 14:22:55.821,43.9444211,-78.8995755
2020-08-02 14:22:56.821,43.9444042,-78.899574
2020-08-02 14:22:57.822,43.9443994,-78.8995747
2020-08-02 14:22:58.806,43.9444154,-78.8995744
2020-08-02 14:22:59.806,43.9444506,-78.899576
2020-08-02 14:23:00.822,43.9444884,-78.8995784
2020-08-02 14:23:01.822,43.9445356,-78.8995771
2020-08-02 14:23:02.823,43.9445825,-78.8995726
2020-08-02 14:23:03.823,43.9446287,-78.8995682
2020-08-02 14:23:04.823,43.9446739,-78.8995652
2020-08-02 14:23:05.824,43.9447184,-78.8995637
2020-08-02 14:23:06.824,43.9447184,-78.8995637
2020-08-02 14:23:07.808,43.944763,-78.8995633
2020-08-02 14:23:08.825,43.9448091,-78.8995637
2020-08-02 14:23:09.826,43.9448558,-78.8995644
2020-08-02 14:23:10.826,43.9449017,-78.8995654
2020-08-02 14:23:11.826,43.9449383,-78.8995664
2020-08-02 14:23:12.826,43.9449837,-78.8995675
2020-08-02 14:23:13.827,43.9450301,-78.8995684
2020-08-02 14:23:14.811,43.9450772,-78.899569
2020-08-02 14:23:15.811,43.9451235,-78.899569
2020-08-02 14:23:16.812,43.9451689,-78.8995686
2020-08-02 14:23:17.828,43.9452142,-78.8995684
2020-08-02 14:23:18.828,43.9452607,-78.8995682
2020-08-02 14:23:19.813,43.9453074,-78.8995676
2020-08-02 14:23:20.830,43.9453533,-78.8995668
2020-08-02 14:23:21.830,43.9453899,-78.8995661
2020-08-02 14:23:22.814,43.9454348,-78.8995654
2020-08-02 14:23:23.815,43.9454808,-78.8995651
2020-08-02 14:23:24.814,43.9455274,-78.8995652
2020-08-02 14:23:25.831,43.9455735,-78.8995654
2020-08-02 14:23:26.818,43.9456187,-78.8995657
2020-08-02 14:23:27.815,43.9456635,-78.8995658
2020-08-02 14:23:28.804,43.9457093,-78.8995659
2020-08-02 14:23:29.821,43.9457553,-78.8995659
2020-08-02 14:23:30.804,43.945801,-78.8995659
2020-08-02 14:23:31.817,43.9458466,-78.8995659
2020-08-02 14:23:32.817,43.9458826,-78.899566
2020-08-02 14:23:33.805,43.9459284,-78.8995663
2020-08-02 14:23:34.817,43.9459751,-78.8995663
2020-08-02 14:23:35.818,43.9460214,-78.8995664
2020-08-02 14:23:36.820,43.9460673,-78.8995661
2020-08-02 14:23:37.819,43.9461129,-78.8995658
2020-08-02 14:23:38.820,43.9461586,-78.8995657
2020-08-02 14:23:39.805,43.946205,-78.899566
2020-08-02 14:23:40.820,43.9462513,-78.8995662
2020-08-02 14:23:41.820,43.9462974,-78.8995664
2020-08-02 14:23:42.821,43.9463334,-78.8995667
2020-08-02 14:23:43.822,43.9463794,-78.8995669
2020-08-02 14:23:44.821,43.9464258,-78.8995674
2020-08-02 14:23:45.806,43.946472,-78.8995677
2020-08-02 14:23:46.807,43.9465176,-78.8995677
2020-08-02 14:23:47.807,43.946563,-78.8995673
2020-08-02 14:23:48.806,43.9466081,-78.899567
2020-08-02 14:23:49.807,43.9466544,-78.8995669
2020-08-02 14:23:50.824,43.9467008,-78.8995667
2020-08-02 14:23:51.823,43.9467466,-78.8995665
2020-08-02 14:23:52.824,43.946783,-78.899566
2020-08-02 14:23:53.808,43.9468283,-78.8995654
2020-08-02 14:23:54.825,43.9468744,-78.8995653
2020-08-02 14:23:55.809,43.9469207,-78.8995654
2020-08-02 14:23:56.826,43.9469542,-78.8995636
2020-08-02 14:23:57.810,43.9469702,-78.8995599
2020-08-02 14:23:58.810,43.9469844,-78.8995518
2020-08-02 14:23:59.810,43.9470003,-78.8995074
2020-08-02 14:24:00.811,43.9470141,-78.8994427
2020-08-02 14:24:01.827,43.9470267,-78.8993802
2020-08-02 14:24:02.811,43.9470358,-78.8993319
2020-08-02 14:24:03.813,43.9470468,-78.899273
2020-08-02 14:24:04.829,43.9470562,-78.8992241
2020-08-02 14:24:05.830,43.9470584,-78.8991997
2020-08-02 14:24:06.816,43.9470569,-78.8991886
2020-08-02 14:24:07.815,43.9470346,-78.8991769
2020-08-02 14:24:08.832,43.9469891,-78.8991721
2020-08-02 14:24:09.816,43.9469412,-78.8991732
2020-08-02 14:24:10.814,43.9468955,-78.8991757
2020-08-02 14:24:11.816,43.9468517,-78.8991783
2020-08-02 14:24:12.816,43.9468085,-78.89918
2020-08-02 14:24:13.816,43.9467734,-78.8991806
2020-08-02 14:24:14.820,43.9467287,-78.8991809
2020-08-02 14:24:15.817,43.9466831,-78.8991807
2020-08-02 14:24:16.804,43.9466375,-78.8991802
2020-08-02 14:24:17.804,43.9465915,-78.8991796
2020-08-02 14:24:18.804,43.9465455,-78.8991789
2020-08-02 14:24:19.817,43.9465,-78.8991783
2020-08-02 14:24:20.820,43.9464635,-78.8991778
2020-08-02 14:24:21.820,43.9464178,-78.8991773
2020-08-02 14:24:22.819,43.946371,-78.8991766
2020-08-02 14:24:23.819,43.9463246,-78.8991761
2020-08-02 14:24:24.820,43.9462789,-78.8991761
2020-08-02 14:24:25.805,43.9462334,-78.8991762
2020-08-02 14:24:26.804,43.9461873,-78.8991764
2020-08-02 14:24:27.820,43.9461408,-78.8991767
2020-08-02 14:24:28.805,43.9460945,-78.8991773
2020-08-02 14:24:29.821,43.9460493,-78.8991778
2020-08-02 14:24:30.821,43.9460132,-78.8991782
2020-08-02 14:24:31.822,43.9459682,-78.8991784
2020-08-02 14:24:32.823,43.9459216,-78.8991785
2020-08-02 14:24:33.823,43.945875,-78.8991785
2020-08-02 14:24:34.824,43.9458291,-78.8991787
2020-08-02 14:24:35.808,43.9457833,-78.8991787
2020-08-02 14:24:36.823,43.9457376,-78.8991787
2020-08-02 14:24:37.824,43.9456911,-78.8991783
2020-08-02 14:24:38.825,43.9456444,-78.8991779
2020-08-02 14:24:39.824,43.9455984,-78.8991777
2020-08-02 14:24:40.825,43.9455621,-78.8991776
2020-08-02 14:24:41.825,43.9455165,-78.8991773
2020-08-02 14:24:42.825,43.9454699,-78.8991769
2020-08-02 14:24:43.810,43.9454235,-78.8991767
2020-08-02 14:24:44.810,43.945378,-78.8991768
2020-08-02 14:24:45.826,43.9453328,-78.899177
2020-08-02 14:24:46.811,43.9452876,-78.8991773
2020-08-02 14:24:47.830,43.9452416,-78.8991774
2020-08-02 14:24:48.828,43.9451951,-78.8991776
2020-08-02 14:24:49.827,43.9451493,-78.899178
2020-08-02 14:24:50.828,43.9451135,-78.8991784
2020-08-02 14:24:51.813,43.9450686,-78.8991786
2020-08-02 14:24:52.811,43.9450227,-78.8991784
2020-08-02 14:24:53.813,43.9449762,-78.899178
2020-08-02 14:24:54.829,43.9449305,-78.8991778
2020-08-02 14:24:55.830,43.9448851,-78.8991777
2020-08-02 14:24:56.814,43.9448396,-78.8991774
2020-08-02 14:24:57.814,43.9447934,-78.8991771
2020-08-02 14:24:58.814,43.9447468,-78.8991768
2020-08-02 14:24:59.816,43.9447003,-78.8991768
2020-08-02 14:25:00.804,43.9446549,-78.899177
2020-08-02 14:25:01.817,43.9446185,-78.8991773
2020-08-02 14:25:02.817,43.9445727,-78.8991775
2020-08-02 14:25:03.818,43.9445261,-78.8991776
2020-08-02 14:25:04.818,43.9444799,-78.8991779
2020-08-02 14:25:05.818,43.9444345,-78.8991782
2020-08-02 14:25:06.817,43.9443892,-78.8991783
2020-08-02 14:25:07.818,43.9443434,-78.899178
2020-08-02 14:25:08.818,43.9442971,-78.8991774
2020-08-02 14:25:09.819,43.944251,-78.8991769
2020-08-02 14:25:10.819,43.9442059,-78.8991766
2020-08-02 14:25:11.806,43.9441697,-78.8991765
2020-08-02 14:25:12.805,43.9441242,-78.8991764
2020-08-02 14:25:13.820,43.9440774,-78.8991761
2020-08-02 14:25:14.821,43.9440309,-78.899176
2020-08-02 14:25:15.822,43.9439853,-78.8991762
2020-08-02 14:25:16.806,43.9439398,-78.8991766
2020-08-02 14:25:17.806,43.9438939,-78.8991769
2020-08-02 14:25:18.806,43.9438475,-78.899177
2020-08-02 14:25:19.822,43.9438011,-78.8991771
2020-08-02 14:25:20.822,43.9437557,-78.8991769
2020-08-02 14:25:21.823,43.9437194,-78.8991766
2020-08-02 14:25:22.807,43.9436741,-78.8991761
2020-08-02 14:25:23.808,43.9436276,-78.8991754
2020-08-02 14:25:24.825,43.9435809,-78.8991749
2020-08-02 14:25:25.808,43.9435351,-78.8991749
2020-08-02 14:25:26.825,43.9434897,-78.8991752
2020-08-02 14:25:27.826,43.943444,-78.8991754
2020-08-02 14:25:28.825,43.9433978,-78.8991756
2020-08-02 14:25:29.826,43.9433515,-78.8991759
2020-08-02 14:25:30.826,43.9433062,-78.8991761
2020-08-02 14:25:31.809,43.9432702,-78.8991764
2020-08-02 14:25:32.811,43.9432332,-78.8991773
2020-08-02 14:25:33.810,43.9432139,-78.8991802
2020-08-02 14:25:34.827,43.9431989,-78.8991787
2020-08-02 14:25:35.828,43.9431852,-78.8991475
2020-08-02 14:25:36.828,43.9431728,-78.8990915
2020-08-02 14:25:37.828,43.9431557,-78.8990318
2020-08-02 14:25:38.829,43.9431355,-78.8989724
2020-08-02 14:25:39.813,43.9431147,-78.8989127
2020-08-02 14:25:40.812,43.943095,-78.8988559
2020-08-02 14:25:41.812,43.9430828,-78.8988259
2020-08-02 14:25:42.813,43.9430752,-78.8988086
2020-08-02 14:25:43.813,43.9430795,-78.8988029
2020-08-02 14:25:44.814,43.9431032,-78.8988025
2020-08-02 14:25:45.815,43.9431455,-78.8988022
2020-08-02 14:25:46.814,43.9431919,-78.8987993
2020-08-02 14:25:47.815,43.9432384,-78.8987975
2020-08-02 14:25:48.815,43.9432852,-78.8987954
2020-08-02 14:25:49.816,43.9433321,-78.8987935
2020-08-02 14:25:50.816,43.9433784,-78.8987924
2020-08-02 14:25:51.817,43.9434237,-78.8987918
2020-08-02 14:25:52.817,43.94346,-78.8987918
2020-08-02 14:25:53.817,43.9435057,-78.8987924
2020-08-02 14:25:54.804,43.9435523,-78.8987934
2020-08-02 14:25:55.804,43.9435985,-78.8987942
2020-08-02 14:25:56.804,43.9436441,-78.898795
2020-08-02 14:25:57.819,43.9436895,-78.8987955
2020-08-02 14:25:58.820,43.9437353,-78.8987962
2020-08-02 14:25:59.820,43.943782,-78.8987966
2020-08-02 14:26:00.819,43.9438283,-78.8987969
2020-08-02 14:26:01.820,43.9438735,-78.898797
2020-08-02 14:26:02.821,43.9439097,-78.898797
2020-08-02 14:26:03.821,43.9439553,-78.8987972
2020-08-02 14:26:04.823,43.9440021,-78.8987971
2020-08-02 14:26:05.821,43.9440483,-78.8987967
2020-08-02 14:26:06.823,43.9440938,-78.898796
2020-08-02 14:26:07.806,43.9441392,-78.8987953
2020-08-02 14:26:08.805,43.9441849,-78.8987947
2020-08-02 14:26:09.807,43.9442312,-78.8987943
2020-08-02 14:26:10.824,43.9442776,-78.8987938
2020-08-02 14:26:11.823,43.9443231,-78.8987932
2020-08-02 14:26:12.807,43.9443593,-78.898793
2020-08-02 14:26:13.808,43.9444048,-78.8987929
2020-08-02 14:26:14.825,43.9444514,-78.8987932
2020-08-02 14:26:15.825,43.944498,-78.8987935
2020-08-02 14:26:16.825,43.9445438,-78.8987935
2020-08-02 14:26:17.825,43.9445891,-78.8987933
2020-08-02 14:26:18.827,43.9446347,-78.8987931
2020-08-02 14:26:19.828,43.9446812,-78.8987929
2020-08-02 14:26:20.811,43.9447277,-78.8987925
2020-08-02 14:26:21.810,43.9447735,-78.8987922
2020-08-02 14:26:22.810,43.9448097,-78.8987919
2020-08-02 14:26:23.813,43.9448549,-78.8987916
2020-08-02 14:26:24.811,43.9449012,-78.8987915
2020-08-02 14:26:25.828,43.9449476,-78.8987916
2020-08-02 14:26:26.829,43.9449932,-78.8987916
2020-08-02 14:26:27.828,43.9450384,-78.8987914
2020-08-02 14:26:28.813,43.9450839,-78.8987912
2020-08-02 14:26:29.815,43.9451301,-78.8987912
2020-08-02 14:26:30.814,43.9451767,-78.8987915
2020-08-02 14:26:31.814,43.9452224,-78.8987916
2020-08-02 14:26:32.815,43.9452587,-78.8987916
2020-08-02 14:26:33.831,43.9453035,-78.8987917
2020-08-02 14:26:34.831,43.9453492,-78.8987922
2020-08-02 14:26:35.815,43.9453956,-78.8987928
2020-08-02 14:26:36.804,43.9454413,-78.898793
2020-08-02 14:26:37.818,43.9454866,-78.8987928
2020-08-02 14:26:38.822,43.9455318,-78.8987923
2020-08-02 14:26:39.817,43.9455776,-78.8987915
2020-08-02 14:26:40.820,43.9456238,-78.8987907
2020-08-02 14:26:41.804,43.9456697,-78.8987899
2020-08-02 14:26:42.819,43.9457148,-78.8987893
2020-08-02 14:26:43.819,43.9457509,-78.8987888
2020-08-02 14:26:44.819,43.9457965,-78.8987885
2020-08-02 14:26:45.819,43.9458429,-78.8987884
2020-08-02 14:26:46.819,43.945889,-78.8987885
2020-08-02 14:26:47.820,43.9459345,-78.8987886
2020-08-02 14:26:48.804,43.94598,-78.8987888
2020-08-02 14:26:49.820,43.9460259,-78.8987889
2020-08-02 14:26:50.821,43.9460725,-78.8987892
2020-08-02 14:26:51.820,43.946119,-78.8987893
2020-08-02 14:26:52.821,43.9461644,-78.8987892
2020-08-02 14:26:53.821,43.9462009,-78.8987891
2020-08-02 14:26:54.805,43.9462465,-78.898789
2020-08-02 14:26:55.822,43.9462931,-78.8987892
2020-08-02 14:26:56.822,43.9463392,-78.8987894
2020-08-02 14:26:57.806,43.9463849,-78.8987895
2020-08-02 14:26:58.823,43.9464306,-78.8987894
2020-08-02 14:26:59.807,43.9464769,-78.898789
2020-08-02 14:27:00.824,43.9465238,-78.898789
2020-08-02 14:27:01.824,43.9465708,-78.898789
2020-08-02 14:27:02.825,43.9466167,-78.8987892
2020-08-02 14:27:03.825,43.9466531,-78.8987892
2020-08-02 14:27:04.826,43.9466989,-78.8987892
2020-08-02 14:27:05.825,43.9467454,-78.8987892
2020-08-02 14:27:06.810,43.9467918,-78.8987888
2020-08-02 14:27:07.810,43.9468371,-78.8987883
2020-08-02 14:27:08.811,43.9468822,-78.8987881
2020-08-02 14:27:09.811,43.9469272,-78.8987881
2020-08-02 14:27:10.811,43.9469729,-78.8987883
2020-08-02 14:27:11.811,43.9470188,-78.8987881
2020-08-02 14:27:12.812,43.9470641,-78.8987879
2020-08-02 14:27:13.814,43.9470983,-78.8987876
2020-08-02 14:27:14.830,43.9471241,-78.8987858
2020-08-02 14:27:15.829,43.9471377,-78.8987837
2020-08-02 14:27:16.830,43.947153,-78.8987688
2020-08-02 14:27:17.830,43.9471676,-78.8987164
2020-08-02 14:27:18.815,43.9471815,-78.8986535
2020-08-02 14:27:19.814,43.9471954,-78.898592
2020-08-02 14:27:20.815,43.9472084,-78.8985312
2020-08-02 14:27:21.815,43.9472206,-78.8984722
2020-08-02 14:27:22.815,43.9472271,-78.8984355
2020-08-02 14:27:23.816,43.9472278,-78.8984221
2020-08-02 14:27:24.817,43.9472239,-78.8984111
2020-08-02 14:27:25.819,43.9471962,-78.8984005
2020-08-02 14:27:26.818,43.9471499,-78.8983968
2020-08-02 14:27:27.818,43.9471034,-78.8983962
2020-08-02 14:27:28.818,43.9470587,-78.8983968
2020-08-02 14:27:29.820,43.9470148,-78.8983979
2020-08-02 14:27:30.806,43.9469702,-78.898399
2020-08-02 14:27:31.804,43.946925,-78.8984002
2020-08-02 14:27:32.806,43.9468795,-78.8984014
2020-08-02 14:27:33.820,43.9468345,-78.8984024
2020-08-02 14:27:34.822,43.9467982,-78.8984029
2020-08-02 14:27:35.822,43.9467527,-78.8984033
2020-08-02 14:27:36.821,43.9467063,-78.8984036
2020-08-02 14:27:37.822,43.9466599,-78.8984038
2020-08-02 14:27:38.805,43.946614,-78.8984039
2020-08-02 14:27:39.804,43.9465681,-78.8984039
2020-08-02 14:27:40.805,43.9465218,-78.8984035
2020-08-02 14:27:41.822,43.9464748,-78.8984026
2020-08-02 14:27:42.823,43.9464283,-78.898402
2020-08-02 14:27:43.823,43.9464283,-78.898402
2020-08-02 14:27:44.824,43.946383,-78.8984016
2020-08-02 14:27:45.824,43.9463468,-78.8984014
2020-08-02 14:27:46.824,43.9463013,-78.8984011
2020-08-02 14:27:47.808,43.9462547,-78.898401
2020-08-02 14:27:48.809,43.9462085,-78.8984012
2020-08-02 14:27:49.827,43.9461631,-78.8984015
2020-08-02 14:27:50.809,43.9461177,-78.8984018
2020-08-02 14:27:51.825,43.9460721,-78.8984022
2020-08-02 14:27:52.810,43.9460258,-78.8984023
2020-08-02 14:27:53.810,43.9459792,-78.8984025
2020-08-02 14:27:54.827,43.9459335,-78.8984028
2020-08-02 14:27:55.811,43.945897,-78.8984031
2020-08-02 14:27:56.811,43.9458515,-78.8984031
2020-08-02 14:27:57.828,43.9458052,-78.8984029
2020-08-02 14:27:58.831,43.9457588,-78.8984028
2020-08-02 14:27:59.812,43.9457136,-78.8984026
2020-08-02 14:28:00.813,43.9456684,-78.8984026
2020-08-02 14:28:01.812,43.945623,-78.8984021
2020-08-02 14:28:02.829,43.9455768,-78.8984015
2020-08-02 14:28:03.830,43.9455303,-78.898401
2020-08-02 14:28:04.814,43.9454845,-78.8984007
2020-08-02 14:28:05.815,43.9454483,-78.8984006
2020-08-02 14:28:06.815,43.9454035,-78.8984008
2020-08-02 14:28:07.815,43.9453572,-78.8984009
2020-08-02 14:28:08.817,43.9453103,-78.898401
2020-08-02 14:28:09.832,43.9452644,-78.8984015
2020-08-02 14:28:10.804,43.9452189,-78.898402
2020-08-02 14:28:11.816,43.9451736,-78.8984026
2020-08-02 14:28:12.804,43.9451276,-78.8984027
2020-08-02 14:28:13.804,43.9450811,-78.8984027
2020-08-02 14:28:14.818,43.9450352,-78.8984026
2020-08-02 14:28:15.820,43.9449988,-78.8984025
2020-08-02 14:28:16.817,43.9449536,-78.8984025
2020-08-02 14:28:17.817,43.9449077,-78.8984023
2020-08-02 14:28:18.819,43.9448609,-78.8984019
2020-08-02 14:28:19.818,43.9448149,-78.8984019
2020-08-02 14:28:20.804,43.9447694,-78.8984018
2020-08-02 14:28:21.820,43.9447242,-78.8984019
2020-08-02 14:28:22.820,43.9446782,-78.8984017
2020-08-02 14:28:23.806,43.9446316,-78.8984013
2020-08-02 14:28:24.820,43.9445851,-78.8984011
2020-08-02 14:28:25.821,43.944539,-78.8984012
2020-08-02 14:28:26.821,43.9444935,-78.8984015
2020-08-02 14:28:27.821,43.9444485,-78.8984018
2020-08-02 14:28:28.824,43.9444121,-78.8984019
2020-08-02 14:28:29.807,43.944367,-78.8984019
2020-08-02 14:28:30.824,43.9443215,-78.898402
2020-08-02 14:28:31.824,43.944276,-78.8984021
2020-08-02 14:28:32.825,43.9442295,-78.898402
2020-08-02 14:28:33.825,43.9441824,-78.8984017
2020-08-02 14:28:34.824,43.9441357,-78.8984015
2020-08-02 14:28:35.808,43.9440897,-78.8984011
2020-08-02 14:28:36.827,43.9440435,-78.8984006
2020-08-02 14:28:37.825,43.9439978,-78.8984004
2020-08-02 14:28:38.815,43.9439525,-78.8984002
2020-08-02 14:28:39.825,43.9439161,-78.8984003
2020-08-02 14:28:40.826,43.9438711,-78.8984004
2020-08-02 14:28:41.827,43.9438256,-78.8984003
2020-08-02 14:28:42.810,43.9437786,-78.8984
2020-08-02 14:28:43.828,43.943732,-78.8983997
2020-08-02 14:28:44.813,43.9436857,-78.8983998
2020-08-02 14:28:45.811,43.9436397,-78.8984001
2020-08-02 14:28:46.814,43.9435943,-78.8984006
2020-08-02 14:28:47.813,43.9435493,-78.8984011
2020-08-02 14:28:48.813,43.9435134,-78.8984013
2020-08-02 14:28:49.829,43.9434681,-78.8984015
2020-08-02 14:28:50.804,43.9434217,-78.8984012
2020-08-02 14:28:51.831,43.9433756,-78.8984008
2020-08-02 14:28:52.815,43.9433301,-78.8984005
2020-08-02 14:28:53.814,43.9432847,-78.8984005
2020-08-02 14:28:54.816,43.9432386,-78.8984005
2020-08-02 14:28:55.804,43.943193,-78.8984008
2020-08-02 14:28:56.820,43.9431634,-78.8984026
2020-08-02 14:28:57.817,43.9431508,-78.8984054
2020-08-02 14:28:58.805,43.9431469,-78.8983998
2020-08-02 14:28:59.804,43.9431513,-78.8983647
2020-08-02 14:29:00.804,43.9431628,-78.8983052
2020-08-02 14:29:01.820,43.9431722,-78.8982407
2020-08-02 14:29:02.818,43.9431784,-78.8981769
2020-08-02 14:29:03.821,43.9431845,-78.8981144
2020-08-02 14:29:04.804,43.94319,-78.8980629
2020-08-02 14:29:05.818,43.9431918,-78.8980372
2020-08-02 14:29:06.822,43.9431956,-78.8980208
2020-08-02 14:29:07.820,43.9432181,-78.8980114
2020-08-02 14:29:08.820,43.9432488,-78.8980115
2020-08-02 14:29:09.820,43.9432939,-78.898015
2020-08-02 14:29:10.822,43.9433404,-78.8980151
2020-08-02 14:29:11.820,43.943387,-78.8980136
2020-08-02 14:29:12.805,43.9434335,-78.8980126
2020-08-02 14:29:13.822,43.9434794,-78.8980121
2020-08-02 14:29:14.821,43.9435251,-78.8980123
2020-08-02 14:29:15.805,43.943572,-78.8980128
2020-08-02 14:29:16.824,43.943619,-78.8980136
2020-08-02 14:29:17.808,43.9436651,-78.8980142
2020-08-02 14:29:18.824,43.9437016,-78.8980146
2020-08-02 14:29:19.825,43.9437471,-78.8980151
2020-08-02 14:29:20.825,43.9437932,-78.8980158
2020-08-02 14:29:21.825,43.94384,-78.8980165
2020-08-02 14:29:22.808,43.943886,-78.8980168
2020-08-02 14:29:23.808,43.9439314,-78.8980169
2020-08-02 14:29:24.809,43.9439767,-78.8980169
2020-08-02 14:29:25.825,43.9440231,-78.8980168
2020-08-02 14:29:26.826,43.9440693,-78.8980164
2020-08-02 14:29:27.811,43.9441149,-78.8980156
2020-08-02 14:29:28.811,43.9441595,-78.8980149
2020-08-02 14:29:29.826,43.9441951,-78.8980145
2020-08-02 14:29:30.827,43.9442407,-78.8980142
2020-08-02 14:29:31.828,43.944287,-78.8980141
2020-08-02 14:29:32.812,43.9443327,-78.8980142
2020-08-02 14:29:33.813,43.9443781,-78.8980142
2020-08-02 14:29:34.812,43.9444232,-78.8980144
2020-08-02 14:29:35.829,43.9444691,-78.8980145
2020-08-02 14:29:36.814,43.9445156,-78.8980147
2020-08-02 14:29:37.814,43.9445616,-78.8980149
2020-08-02 14:29:38.814,43.9446074,-78.8980151
2020-08-02 14:29:39.814,43.9446437,-78.8980151
2020-08-02 14:29:40.815,43.9446899,-78.8980151
2020-08-02 14:29:41.816,43.9447367,-78.8980148
2020-08-02 14:29:42.817,43.9447831,-78.8980144
2020-08-02 14:29:43.833,43.9448288,-78.898014
2020-08-02 14:29:44.816,43.9448742,-78.8980137
2020-08-02 14:29:45.818,43.9449198,-78.8980136
2020-08-02 14:29:46.818,43.9449661,-78.898014
2020-08-02 14:29:47.818,43.9450126,-78.8980142
2020-08-02 14:29:48.820,43.9450583,-78.8980141
2020-08-02 14:29:49.818,43.9450946,-78.8980139
2020-08-02 14:29:50.819,43.9451401,-78.8980136
2020-08-02 14:29:51.805,43.9451864,-78.8980135
2020-08-02 14:29:52.818,43.9452328,-78.8980134
2020-08-02 14:29:53.804,43.9452784,-78.8980132
2020-08-02 14:29:54.820,43.9453236,-78.898013
2020-08-02 14:29:55.821,43.945369,-78.8980128
2020-08-02 14:29:56.821,43.9454158,-78.8980129
2020-08-02 14:29:57.822,43.9454622,-78.898013
2020-08-02 14:29:58.804,43.9455077,-78.8980131
2020-08-02 14:29:59.804,43.9455438,-78.8980132
2020-08-02 14:30:00.821,43.9455892,-78.8980133
2020-08-02 14:30:01.807,43.9456355,-78.8980137
2020-08-02 14:30:02.806,43.9456817,-78.8980142
2020-08-02 14:30:03.822,43.9457272,-78.8980147
2020-08-02 14:30:04.823,43.9457725,-78.8980151
2020-08-02 14:30:05.823,43.9458175,-78.8980151
2020-08-02 14:30:06.823,43.9458638,-78.898015
2020-08-02 14:30:07.824,43.9459102,-78.8980147
2020-08-02 14:30:08.824,43.9459559,-78.8980141
2020-08-02 14:30:09.824,43.9459925,-78.8980137
2020-08-02 14:30:10.808,43.9460382,-78.8980131
2020-08-02 14:30:11.825,43.9460848,-78.8980127
2020-08-02 14:30:12.826,43.9461317,-78.8980125
2020-08-02 14:30:13.826,43.9461777,-78.8980124
2020-08-02 14:30:14.826,43.9462234,-78.8980124
2020-08-02 14:30:15.811,43.9462688,-78.8980126
2020-08-02 14:30:16.811,43.9463151,-78.898013
2020-08-02 14:30:17.811,43.9463614,-78.8980137
2020-08-02 14:30:18.827,43.9464079,-78.8980144
2020-08-02 14:30:19.812,43.9464079,-78.8980144
2020-08-02 14:30:20.828,43.9464538,-78.8980148
2020-08-02 14:30:21.828,43.94649,-78.898015
2020-08-02 14:30:22.829,43.946536,-78.8980149
2020-08-02 14:30:23.813,43.9465821,-78.8980148
2020-08-02 14:30:24.814,43.946628,-78.8980145
2020-08-02 14:30:25.814,43.9466734,-78.898014
2020-08-02 14:30:26.814,43.9467184,-78.8980134
2020-08-02 14:30:27.816,43.9467644,-78.8980132
2020-08-02 14:30:28.816,43.9468109,-78.8980132
2020-08-02 14:30:29.816,43.9468566,-78.8980134
2020-08-02 14:30:30.816,43.9469016,-78.8980134
2020-08-02 14:30:31.804,43.9469375,-78.8980136
2020-08-02 14:30:32.816,43.9469833,-78.8980139
2020-08-02 14:30:33.816,43.9470299,-78.8980141
2020-08-02 14:30:34.817,43.947076,-78.8980142
2020-08-02 14:30:35.817,43.9471213,-78.8980142
2020-08-02 14:30:36.818,43.9471665,-78.8980142
2020-08-02 14:30:37.819,43.9472124,-78.898014
2020-08-02 14:30:38.818,43.9472583,-78.8980138
2020-08-02 14:30:39.818,43.9472892,-78.8980124
2020-08-02 14:30:40.819,43.947304,-78.8980101
2020-08-02 14:30:41.820,43.9473151,-78.8980029
2020-08-02 14:30:42.820,43.9473292,-78.8979603
2020-08-02 14:30:43.804,43.9473426,-78.8978969
2020-08-02 14:30:44.821,43.9473573,-78.8978343
2020-08-02 14:30:45.821,43.9473711,-78.8977741
2020-08-02 14:30:46.805,43.9473838,-78.8977152
2020-08-02 14:30:47.821,43.9473934,-78.8976701
2020-08-02 14:30:48.822,43.9473957,-78.8976489
2020-08-02 14:30:49.806,43.9473935,-78.8976379
2020-08-02 14:30:50.823,43.9473704,-78.8976272
2020-08-02 14:30:51.823,43.9473366,-78.8976229
2020-08-02 14:30:52.806,43.9472899,-78.8976217
2020-08-02 14:30:53.807,43.9472435,-78.8976209
2020-08-02 14:30:54.807,43.947198,-78.897621
2020-08-02 14:30:55.824,43.947153,-78.897622
2020-08-02 14:30:56.825,43.9471083,-78.8976236
2020-08-02 14:30:57.809,43.9470637,-78.8976253
2020-08-02 14:30:58.825,43.9470186,-78.8976267
2020-08-02 14:30:59.825,43.946973,-78.8976279
2020-08-02 14:31:00.810,43.9469275,-78.8976284
2020-08-02 14:31:01.826,43.946891,-78.8976286
2020-08-02 14:31:02.810,43.9468454,-78.8976283
2020-08-02 14:31:03.811,43.9467992,-78.8976279
2020-08-02 14:31:04.812,43.9467523,-78.8976273
2020-08-02 14:31:05.811,43.9467059,-78.8976269
2020-08-02 14:31:06.829,43.9466604,-78.8976268
2020-08-02 14:31:07.828,43.9466151,-78.897627
2020-08-02 14:31:08.812,43.9465687,-78.8976271
2020-08-02 14:31:09.829,43.9465224,-78.8976271
2020-08-02 14:31:10.813,43.9464767,-78.8976271
2020-08-02 14:31:11.830,43.9464406,-78.8976273
2020-08-02 14:31:12.814,43.9463955,-78.8976273
2020-08-02 14:31:13.814,43.9463493,-78.8976272
2020-08-02 14:31:14.815,43.9463027,-78.8976271
2020-08-02 14:31:15.831,43.9462567,-78.8976273
2020-08-02 14:31:16.815,43.9462109,-78.8976274
2020-08-02 14:31:17.816,43.9461656,-78.8976276
2020-08-02 14:31:18.804,43.9461193,-78.8976273
2020-08-02 14:31:19.817,43.9460724,-78.8976267
2020-08-02 14:31:20.816,43.9460261,-78.8976262
2020-08-02 14:31:21.804,43.9459802,-78.897626
2020-08-02 14:31:22.819,43.9459439,-78.8976258
2020-08-02 14:31:23.819,43.945898,-78.8976258
2020-08-02 14:31:24.819,43.9458516,-78.8976258
2020-08-02 14:31:25.804,43.9458055,-78.8976259
2020-08-02 14:31:26.818,43.94576,-78.8976259
2020-08-02 14:31:27.819,43.9457147,-78.8976259
2020-08-02 14:31:28.805,43.9457147,-78.8976259
2020-08-02 14:31:29.820,43.945669,-78.8976256
2020-08-02 14:31:30.819,43.9456225,-78.8976253
2020-08-02 14:31:31.804,43.9455762,-78.897625
2020-08-02 14:31:32.821,43.9455308,-78.8976252
2020-08-02 14:31:33.821,43.9454947,-78.8976253
2020-08-02 14:31:34.805,43.9454494,-78.8976256
2020-08-02 14:31:35.805,43.9454033,-78.8976258
2020-08-02 14:31:36.822,43.9453569,-78.8976259
2020-08-02 14:31:37.806,43.9453113,-78.8976262
2020-08-02 14:31:38.822,43.9452664,-78.8976267
2020-08-02 14:31:39.823,43.9452211,-78.897627
2020-08-02 14:31:40.823,43.9451745,-78.897627
2020-08-02 14:31:41.824,43.9451279,-78.8976268
2020-08-02 14:31:42.824,43.9450822,-78.8976269
2020-08-02 14:31:43.810,43.9450457,-78.897627
2020-08-02 14:31:44.824,43.9450002,-78.8976272
2020-08-02 14:31:45.825,43.9449534,-78.897627
2020-08-02 14:31:46.827,43.9449068,-78.8976267
2020-08-02 14:31:47.809,43.9448611,-78.8976266
2020-08-02 14:31:48.811,43.9448157,-78.8976267
2020-08-02 14:31:49.826,43.9447703,-78.8976268
2020-08-02 14:31:50.811,43.944724,-78.8976265
2020-08-02 14:31:51.827,43.9446779,-78.8976262
2020-08-02 14:31:52.828,43.9446324,-78.8976259
2020-08-02 14:31:53.812,43.9445964,-78.8976255
2020-08-02 14:31:54.813,43.9445512,-78.8976252
2020-08-02 14:31:55.813,43.9445052,-78.8976247
2020-08-02 14:31:56.829,43.9444587,-78.8976242
2020-08-02 14:31:57.813,43.9444129,-78.8976239
2020-08-02 14:31:58.830,43.9443677,-78.8976238
2020-08-02 14:31:59.830,43.9443226,-78.897624
2020-08-02 14:32:00.830,43.9442765,-78.8976241
2020-08-02 14:32:01.831,43.9442301,-78.8976243
2020-08-02 14:32:02.815,43.9441838,-78.8976249
2020-08-02 14:32:03.816,43.9441476,-78.8976255
2020-08-02 14:32:04.816,43.9441021,-78.8976261
2020-08-02 14:32:05.816,43.9440561,-78.8976268
2020-08-02 14:32:06.816,43.9440097,-78.8976273
2020-08-02 14:32:07.817,43.9439636,-78.8976276
2020-08-02 14:32:08.817,43.9439178,-78.8976276
2020-08-02 14:32:09.804,43.9438728,-78.8976276
2020-08-02 14:32:10.819,43.9438267,-78.8976272
2020-08-02 14:32:11.804,43.9437799,-78.8976265
2020-08-02 14:32:12.818,43.9437339,-78.8976256
2020-08-02 14:32:13.804,43.9436885,-78.8976249
2020-08-02 14:32:14.819,43.9436524,-78.8976245
2020-08-02 14:32:15.804,43.9436065,-78.897624
2020-08-02 14:32:16.804,43.9435597,-78.8976235
2020-08-02 14:32:17.804,43.9435132,-78.8976232
2020-08-02 14:32:18.804,43.9434675,-78.8976233
2020-08-02 14:32:19.821,43.9434222,-78.8976233
2020-08-02 14:32:20.821,43.943376,-78.8976234
2020-08-02 14:32:21.823,43.9433296,-78.8976235
2020-08-02 14:32:22.822,43.9432947,-78.8976249
2020-08-02 14:32:23.822,43.9432787,-78.8976282
2020-08-02 14:32:24.807,43.943273,-78.8976269
2020-08-02 14:32:25.822,43.9432753,-78.8975976
2020-08-02 14:32:26.823,43.9432867,-78.897542
2020-08-02 14:32:27.823,43.9432991,-78.8974769
2020-08-02 14:32:28.824,43.9433079,-78.897412
2020-08-02 14:32:29.824,43.9433151,-78.8973488
2020-08-02 14:32:30.808,43.9433214,-78.8972924
2020-08-02 14:32:31.827,43.9433235,-78.8972613
2020-08-02 14:32:32.826,43.9433258,-78.8972442
2020-08-02 14:32:33.827,43.9433499,-78.897235
2020-08-02 14:32:34.826,43.9433834,-78.8972367
2020-08-02 14:32:35.810,43.9434299,-78.8972418
2020-08-02 14:32:36.812,43.9434776,-78.8972436
2020-08-02 14:32:37.810,43.9435251,-78.8972433
2020-08-02 14:32:38.811,43.9435719,-78.8972422
2020-08-02 14:32:39.828,43.9436178,-78.897241
2020-08-02 14:32:40.814,43.9436633,-78.89724
2020-08-02 14:32:41.829,43.9437097,-78.8972395
2020-08-02 14:32:42.813,43.9437562,-78.8972391
2020-08-02 14:32:43.813,43.9438021,-78.8972389
2020-08-02 14:32:44.813,43.9438383,-78.8972387
2020-08-02 14:32:45.814,43.9438834,-78.8972385
2020-08-02 14:32:46.813,43.9439293,-78.8972387
2020-08-02 14:32:47.831,43.9439757,-78.8972391
2020-08-02 14:32:48.815,43.9440212,-78.8972392
2020-08-02 14:32:49.815,43.9440212,-78.8972392
2020-08-02 14:32:50.815,43.9440661,-78.8972391
2020-08-02 14:32:51.816,43.9441107,-78.8972391
2020-08-02 14:32:52.804,43.9441569,-78.8972393
2020-08-02 14:32:53.804,43.9442031,-78.8972398
2020-08-02 14:32:54.804,43.9442489,-78.8972402
2020-08-02 14:32:55.804,43.9442941,-78.8972404
2020-08-02 14:32:56.804,43.9443304,-78.8972406
2020-08-02 14:32:57.820,43.9443768,-78.8972407
2020-08-02 14:32:58.819,43.9444237,-78.8972407
2020-08-02 14:32:59.818,43.9444699,-78.8972406
2020-08-02 14:33:00.819,43.9445158,-78.8972403
2020-08-02 14:33:01.819,43.9445612,-78.8972404
2020-08-02 14:33:02.819,43.9446076,-78.8972407
2020-08-02 14:33:03.820,43.9446542,-78.897241
2020-08-02 14:33:04.820,43.9447002,-78.8972411
2020-08-02 14:33:05.804,43.9447459,-78.8972409
2020-08-02 14:33:06.820,43.944782,-78.897241
2020-08-02 14:33:07.822,43.944828,-78.8972411
2020-08-02 14:33:08.807,43.9448743,-78.8972413
2020-08-02 14:33:09.822,43.94492,-78.8972412
2020-08-02 14:33:10.822,43.9449655,-78.8972408
2020-08-02 14:33:11.808,43.9450105,-78.8972404
2020-08-02 14:33:12.824,43.9450559,-78.8972404
2020-08-02 14:33:13.824,43.945102,-78.8972404
2020-08-02 14:33:14.809,43.9451483,-78.8972404
2020-08-02 14:33:15.825,43.9451938,-78.8972401
2020-08-02 14:33:16.825,43.9452299,-78.8972394
2020-08-02 14:33:17.810,43.9452753,-78.8972387
2020-08-02 14:33:18.810,43.9453215,-78.8972381
2020-08-02 14:33:19.826,43.9453681,-78.8972377
2020-08-02 14:33:20.827,43.945414,-78.8972377
2020-08-02 14:33:21.810,43.9454592,-78.8972378
2020-08-02 14:33:22.810,43.9455049,-78.897238
2020-08-02 14:33:23.829,43.9455516,-78.8972382
2020-08-02 14:33:24.811,43.9455982,-78.8972381
2020-08-02 14:33:25.828,43.945644,-78.8972381
2020-08-02 14:33:26.828,43.9456801,-78.897238
2020-08-02 14:33:27.813,43.9457252,-78.8972383
2020-08-02 14:33:28.828,43.9457714,-78.8972387
2020-08-02 14:33:29.829,43.9458177,-78.8972389
2020-08-02 14:33:30.805,43.9458634,-78.897239
2020-08-02 14:33:31.829,43.9459089,-78.897239
2020-08-02 14:33:32.829,43.9459542,-78.8972389
2020-08-02 14:33:33.805,43.9460008,-78.8972391
2020-08-02 14:33:34.814,43.9460472,-78.8972391
2020-08-02 14:33:35.814,43.9460929,-78.8972388
2020-08-02 14:33:36.817,43.9461291,-78.8972387
2020-08-02 14:33:37.816,43.9461745,-78.8972386
2020-08-02 14:33:38.816,43.9462206,-78.8972388
2020-08-02 14:33:39.804,43.9462671,-78.897239
2020-08-02 14:33:40.816,43.9463132,-78.897239
2020-08-02 14:33:41.817,43.9463591,-78.8972388
2020-08-02 14:33:42.805,43.9464047,-78.8972385
2020-08-02 14:33:43.817,43.9464507,-78.8972383
2020-08-02 14:33:44.805,43.9464969,-78.8972382
2020-08-02 14:33:45.819,43.9465431,-78.897238
2020-08-02 14:33:46.821,43.9465431,-78.897238
2020-08-02 14:33:47.818,43.9465886,-78.8972379
2020-08-02 14:33:48.819,43.9466247,-78.897238
2020-08-02 14:33:49.819,43.94667,-78.8972381
2020-08-02 14:33:50.805,43.9467161,-78.8972385
2020-08-02 14:33:51.820,43.9467623,-78.8972389
2020-08-02 14:33:52.805,43.9468081,-78.8972391
2020-08-02 14:33:53.821,43.946853,-78.8972391
2020-08-02 14:33:54.821,43.9468987,-78.8972389
2020-08-02 14:33:55.805,43.9469454,-78.8972388
2020-08-02 14:33:56.821,43.9469918,-78.8972384
2020-08-02 14:33:57.805,43.9470376,-78.8972379
2020-08-02 14:33:58.826,43.947074,-78.8972375
2020-08-02 14:33:59.823,43.9471196,-78.897237
2020-08-02 14:34:00.808,43.9471663,-78.8972369
2020-08-02 14:34:01.823,43.947213,-78.8972369
2020-08-02 14:34:02.823,43.9472586,-78.8972369
2020-08-02 14:34:03.824,43.9473038,-78.8972369
2020-08-02 14:34:04.824,43.9473493,-78.897237
2020-08-02 14:34:05.810,43.9473955,-78.8972371
2020-08-02 14:34:06.809,43.9474383,-78.8972371
2020-08-02 14:34:07.826,43.9474619,-78.8972351
2020-08-02 14:34:08.809,43.9474727,-78.8972335
2020-08-02 14:34:09.826,43.9474875,-78.8972173
2020-08-02 14:34:10.810,43.9475016,-78.8971644
2020-08-02 14:34:11.828,43.9475147,-78.8970991
2020-08-02 14:34:12.811,43.9475276,-78.8970371
2020-08-02 14:34:13.827,43.9475399,-78.8969775
2020-08-02 14:34:14.828,43.9475517,-78.8969204
2020-08-02 14:34:15.829,43.9475591,-78.8968833
2020-08-02 14:34:16.813,43.9475599,-78.8968671
2020-08-02 14:34:17.804,43.9475517,-78.8968558
2020-08-02 14:34:18.822,43.947527,-78.8968479
2020-08-02 14:34:19.813,43.9474802,-78.8968451
2020-08-02 14:34:20.814,43.9474315,-78.8968461
2020-08-02 14:34:21.831,43.947385,-78.8968482
2020-08-02 14:34:22.831,43.9473399,-78.8968499
2020-08-02 14:34:23.818,43.9472955,-78.896851
2020-08-02 14:34:24.816,43.9472515,-78.8968514
2020-08-02 14:34:25.817,43.9472062,-78.8968511
2020-08-02 14:34:26.804,43.9471602,-78.8968504
2020-08-02 14:34:27.816,43.9471145,-78.8968498
2020-08-02 14:34:28.819,43.9470692,-78.8968497
2020-08-02 14:34:29.804,43.9470328,-78.8968495
2020-08-02 14:34:30.818,43.946987,-78.8968497
2020-08-02 14:34:31.817,43.9469403,-78.8968497
2020-08-02 14:34:32.804,43.946894,-78.8968499
2020-08-02 14:34:33.819,43.9468483,-78.8968504
2020-08-02 14:34:34.819,43.946803,-78.8968508
2020-08-02 14:34:35.804,43.946757,-78.8968509
2020-08-02 14:34:36.819,43.9467102,-78.8968507
2020-08-02 14:34:37.805,43.9466637,-78.8968505
2020-08-02 14:34:38.821,43.946618,-78.8968505
2020-08-02 14:34:39.805,43.9465819,-78.8968507
2020-08-02 14:34:40.821,43.9465361,-78.8968506
2020-08-02 14:34:41.821,43.94649,-78.8968503
2020-08-02 14:34:42.822,43.9464441,-78.89685
2020-08-02 14:34:43.821,43.9463986,-78.8968501
2020-08-02 14:34:44.822,43.9463536,-78.8968505
2020-08-02 14:34:45.807,43.9463078,-78.896851
2020-08-02 14:34:46.810,43.9462613,-78.8968512
2020-08-02 14:34:47.808,43.9462152,-78.8968514
2020-08-02 14:34:48.829,43.9461693,-78.8968518
2020-08-02 14:34:49.824,43.946133,-78.896852
2020-08-02 14:34:50.825,43.9460875,-78.8968522
2020-08-02 14:34:51.825,43.9460411,-78.8968522
2020-08-02 14:34:52.809,43.9460411,-78.8968522
2020-08-02 14:34:53.825,43.9459949,-78.8968522
2020-08-02 14:34:54.814,43.945949,-78.8968523
2020-08-02 14:34:55.826,43.9459035,-78.8968523
2020-08-02 14:34:56.810,43.9458583,-78.8968525
2020-08-02 14:34:57.810,43.9458124,-78.8968525
2020-08-02 14:34:58.811,43.9457658,-78.8968524
2020-08-02 14:34:59.828,43.9457198,-78.8968524
2020-08-02 14:35:00.828,43.9456833,-78.8968525
2020-08-02 14:35:01.828,43.945638,-78.8968524
2020-08-02 14:35:02.829,43.9455918,-78.8968522
2020-08-02 14:35:03.830,43.9455451,-78.8968516
2020-08-02 14:35:04.813,43.9454992,-78.8968512
2020-08-02 14:35:05.814,43.945454,-78.8968511
2020-08-02 14:35:06.813,43.9454091,-78.8968513
2020-08-02 14:35:07.815,43.945363,-78.8968513
2020-08-02 14:35:08.830,43.9453164,-78.8968512
2020-08-02 14:35:09.814,43.9452705,-78.896851
2020-08-02 14:35:10.815,43.945225,-78.8968509
2020-08-02 14:35:11.817,43.9451888,-78.8968509
2020-08-02 14:35:12.816,43.9451429,-78.8968509
2020-08-02 14:35:13.816,43.9450966,-78.8968508
2020-08-02 14:35:14.817,43.9450508,-78.8968509
2020-08-02 14:35:15.818,43.9450054,-78.8968512
2020-08-02 14:35:16.817,43.94496,-78.8968515
2020-08-02 14:35:17.818,43.9449135,-78.8968514
2020-08-02 14:35:18.804,43.9448667,-78.8968511
2020-08-02 14:35:19.818,43.9448206,-78.8968507
2020-08-02 14:35:20.804,43.9447751,-78.8968505
2020-08-02 14:35:21.819,43.9447388,-78.8968504
2020-08-02 14:35:22.804,43.944693,-78.89685
2020-08-02 14:35:23.819,43.9446465,-78.8968496
2020-08-02 14:35:24.804,43.9446005,-78.8968495
2020-08-02 14:35:25.820,43.9445552,-78.8968495
2020-08-02 14:35:26.805,43.9445102,-78.8968497
2020-08-02 14:35:27.804,43.9444647,-78.8968498
2020-08-02 14:35:28.820,43.9444185,-78.8968498
2020-08-02 14:35:29.822,43.944372,-78.8968498
2020-08-02 14:35:30.821,43.944326,-78.8968501
2020-08-02 14:35:31.822,43.9442898,-78.8968503
2020-08-02 14:35:32.822,43.9442444,-78.8968503
2020-08-02 14:35:33.824,43.9441979,-78.8968501
2020-08-02 14:35:34.823,43.9441516,-78.89685
2020-08-02 14:35:35.825,43.9441056,-78.89685
2020-08-02 14:35:36.807,43.9440604,-78.89685
2020-08-02 14:35:37.825,43.9440147,-78.8968501
2020-08-02 14:35:38.824,43.9439677,-78.8968501
2020-08-02 14:35:39.825,43.9439213,-78.8968501
2020-08-02 14:35:40.825,43.9438755,-78.8968501
2020-08-02 14:35:41.826,43.9438392,-78.8968501
2020-08-02 14:35:42.810,43.9437941,-78.8968503
2020-08-02 14:35:43.827,43.9437478,-78.8968506
2020-08-02 14:35:44.826,43.9437014,-78.8968506
2020-08-02 14:35:45.811,43.9437014,-78.8968506
2020-08-02 14:35:46.812,43.9436557,-78.8968507
2020-08-02 14:35:47.827,43.9436106,-78.8968507
2020-08-02 14:35:48.828,43.9435654,-78.8968505
2020-08-02 14:35:49.819,43.9435191,-78.8968502
2020-08-02 14:35:50.828,43.9434726,-78.8968496
2020-08-02 14:35:51.829,43.9434316,-78.8968498
2020-08-02 14:35:52.829,43.9434128,-78.8968519
2020-08-02 14:35:53.815,43.9434019,-78.8968547
2020-08-02 14:35:54.814,43.9433994,-78.8968395
2020-08-02 14:35:55.814,43.9434073,-78.8967958
2020-08-02 14:35:56.831,43.9434206,-78.8967342
2020-08-02 14:35:57.831,43.9434301,-78.8966703
2020-08-02 14:35:58.816,43.9434373,-78.8966066
2020-08-02 14:35:59.815,43.9434442,-78.8965431
2020-08-02 14:36:00.819,43.9434486,-78.8964995
2020-08-02 14:36:01.829,43.9434492,-78.8964785
2020-08-02 14:36:02.804,43.9434605,-78.8964642
2020-08-02 14:36:03.818,43.9434861,-78.8964608
2020-08-02 14:36:04.817,43.9435303,-78.8964659
2020-08-02 14:36:05.803,43.9435766,-78.896469
2020-08-02 14:36:06.819,43.9436232,-78.896469
2020-08-02 14:36:07.818,43.9436694,-78.8964673
2020-08-02 14:36:08.804,43.9437147,-78.8964661
2020-08-02 14:36:09.820,43.9437611,-78.8964655
2020-08-02 14:36:10.819,43.9438083,-78.8964651
2020-08-02 14:36:11.821,43.9438548,-78.8964649
2020-08-02 14:36:12.812,43.9439007,-78.8964647
2020-08-02 14:36:13.820,43.9439374,-78.8964646
2020-08-02 14:36:14.821,43.9439836,-78.8964647
2020-08-02 14:36:15.823,43.9440307,-78.8964649
2020-08-02 14:36:16.807,43.9440771,-78.8964649
2020-08-02 14:36:17.821,43.9441225,-78.8964649
2020-08-02 14:36:18.822,43.9441674,-78.8964645
2020-08-02 14:36:19.822,43.9442128,-78.8964645
2020-08-02 14:36:20.823,43.944259,-78.8964645
2020-08-02 14:36:21.823,43.9443049,-78.8964644
2020-08-02 14:36:22.824,43.94435,-78.8964643
2020-08-02 14:36:23.824,43.944386,-78.8964643
2020-08-02 14:36:24.810,43.9444317,-78.8964645
2020-08-02 14:36:25.810,43.9444782,-78.8964645
2020-08-02 14:36:26.809,43.9445243,-78.8964645
2020-08-02 14:36:27.825,43.94457,-78.8964644
2020-08-02 14:36:28.809,43.9446153,-78.8964642
2020-08-02 14:36:29.810,43.9446609,-78.8964641
2020-08-02 14:36:30.809,43.9447075,-78.8964642
2020-08-02 14:36:31.827,43.9447539,-78.8964638
2020-08-02 14:36:32.827,43.9447999,-78.8964632
2020-08-02 14:36:33.827,43.9448364,-78.8964625
2020-08-02 14:36:34.812,43.944882,-78.8964617
2020-08-02 14:36:35.828,43.9449283,-78.8964613
2020-08-02 14:36:36.813,43.9449742,-78.8964612
2020-08-02 14:36:37.813,43.9450196,-78.8964612
2020-08-02 14:36:38.813,43.9450646,-78.8964611
2020-08-02 14:36:39.808,43.9450646,-78.8964611
2020-08-02 14:36:40.814,43.9451099,-78.8964615
2020-08-02 14:36:41.830,43.9451561,-78.8964622
2020-08-02 14:36:42.814,43.9452027,-78.8964628
2020-08-02 14:36:43.831,43.9452486,-78.8964631
2020-08-02 14:36:44.816,43.945285,-78.8964633
2020-08-02 14:36:45.831,43.9453302,-78.8964633
2020-08-02 14:36:46.816,43.945376,-78.8964632
2020-08-02 14:36:47.816,43.9454225,-78.8964631
2020-08-02 14:36:48.804,43.9454685,-78.896463
2020-08-02 14:36:49.818,43.9455137,-78.8964631
2020-08-02 14:36:50.817,43.9455589,-78.8964634
2020-08-02 14:36:51.817,43.9456053,-78.8964638
2020-08-02 14:36:52.818,43.9456516,-78.8964639
2020-08-02 14:36:53.819,43.9456972,-78.8964637
2020-08-02 14:36:54.804,43.9457334,-78.8964636
2020-08-02 14:36:55.819,43.9457784,-78.8964635
2020-08-02 14:36:56.819,43.9458244,-78.8964636
2020-08-02 14:36:57.813,43.9458706,-78.8964638
2020-08-02 14:36:58.820,43.9459163,-78.8964639
2020-08-02 14:36:59.804,43.9459618,-78.8964637
2020-08-02 14:37:00.820,43.9460071,-78.8964636
2020-08-02 14:37:01.820,43.9460532,-78.8964637
2020-08-02 14:37:02.821,43.9460911,-78.8964637
2020-08-02 14:37:03.826,43.9461382,-78.8964635
2020-08-02 14:37:04.826,43.9461849,-78.8964629
2020-08-02 14:37:05.809,43.9462311,-78.8964624
2020-08-02 14:37:06.822,43.9462766,-78.8964621
2020-08-02 14:37:07.822,43.9463219,-78.8964621
2020-08-02 14:37:08.816,43.9463672,-78.8964623
2020-08-02 14:37:09.808,43.9464127,-78.8964625
2020-08-02 14:37:10.824,43.9464581,-78.8964626
2020-08-02 14:37:11.826,43.9465035,-78.8964625
2020-08-02 14:37:12.825,43.9465488,-78.8964623
2020-08-02 14:37:13.811,43.9465852,-78.896462
2020-08-02 14:37:14.825,43.9466312,-78.8964619
2020-08-02 14:37:15.827,43.9466782,-78.8964617
2020-08-02 14:37:16.810,43.946725,-78.8964615
2020-08-02 14:37:17.827,43.946771,-78.8964612
2020-08-02 14:37:18.810,43.9468167,-78.896461
2020-08-02 14:37:19.811,43.9468623,-78.8964611
2020-08-02 14:37:20.811,43.9469075,-78.8964614
2020-08-02 14:37:21.827,43.9469526,-78.8964617
2020-08-02 14:37:22.828,43.9469981,-78.8964618
2020-08-02 14:37:23.828,43.9470433,-78.8964618
2020-08-02 14:37:24.812,43.9470888,-78.8964619
2020-08-02 14:37:25.813,43.9471255,-78.8964618
2020-08-02 14:37:26.830,43.9471713,-78.8964616
2020-08-02 14:37:27.813,43.9471713,-78.8964616
2020-08-02 14:37:28.804,43.9472184,-78.8964613
2020-08-02 14:37:29.817,43.9472657,-78.8964613
2020-08-02 14:37:30.831,43.9473126,-78.8964612
2020-08-02 14:37:31.809,43.9473591,-78.8964612
2020-08-02 14:37:32.815,43.9474045,-78.896461
2020-08-02 14:37:33.819,43.9474499,-78.896461
2020-08-02 14:37:34.816,43.947495,-78.896461
2020-08-02 14:37:35.804,43.9475401,-78.8964611
2020-08-02 14:37:36.819,43.9475851,-78.896461
2020-08-02 14:37:37.818,43.9476128,-78.8964602
2020-08-02 14:37:38.818,43.9476307,-78.8964577
2020-08-02 14:37:39.820,43.9476434,-78.8964544
2020-08-02 14:37:40.818,43.9476559,-78.8964208
2020-08-02 14:37:41.819,43.9476649,-78.8963578
2020-08-02 14:37:42.820,43.9476733,-78.8962919
2020-08-02 14:37:43.821,43.9476816,-78.8962297
2020-08-02 14:37:44.821,43.9476895,-78.8961685
2020-08-02 14:37:45.804,43.9476955,-78.8961198
2020-08-02 14:37:46.804,43.9476967,-78.8960999
2020-08-02 14:37:47.821,43.9476958,-78.8960875
2020-08-02 14:37:48.821,43.9476782,-78.8960753
2020-08-02 14:37:49.806,43.9476365,-78.8960693
2020-08-02 14:37:50.821,43.9475887,-78.8960699
2020-08-02 14:37:51.821,43.9475429,-78.8960715
2020-08-02 14:37:52.806,43.9474975,-78.8960731
2020-08-02 14:37:53.823,43.9474521,-78.8960745
2020-08-02 14:37:54.822,43.9474068,-78.8960757
2020-08-02 14:37:55.838,43.9473617,-78.8960765
2020-08-02 14:37:56.809,43.9473259,-78.8960768
2020-08-02 14:37:57.824,43.9472805,-78.8960767
2020-08-02 14:37:58.841,43.9472348,-78.8960762
2020-08-02 14:37:59.812,43.9471889,-78.8960756
2020-08-02 14:38:00.825,43.9471432,-78.8960751
2020-08-02 14:38:01.810,43.947098,-78.8960747
2020-08-02 14:38:02.811,43.9470525,-78.896074
2020-08-02 14:38:03.828,43.9470062,-78.8960735
2020-08-02 14:38:04.826,43.9469601,-78.8960733
2020-08-02 14:38:05.810,43.9469143,-78.8960734
2020-08-02 14:38:06.827,43.9469143,-78.8960734
2020-08-02 14:38:07.828,43.9468777,-78.8960736
2020-08-02 14:38:08.843,43.9468319,-78.8960735
2020-08-02 14:38:09.829,43.9467848,-78.8960732
2020-08-02 14:38:10.814,43.9467384,-78.8960729
2020-08-02 14:38:11.812,43.9466925,-78.8960729
2020-08-02 14:38:12.813,43.9466472,-78.8960732
2020-08-02 14:38:13.813,43.9466019,-78.8960734
2020-08-02 14:38:14.813,43.9465554,-78.8960736
2020-08-02 14:38:15.814,43.9465092,-78.896074
2020-08-02 14:38:16.815,43.9464637,-78.8960744
2020-08-02 14:38:17.831,43.9464276,-78.8960748
2020-08-02 14:38:18.805,43.9463823,-78.896075
2020-08-02 14:38:19.804,43.9463358,-78.8960748
2020-08-02 14:38:20.818,43.9462893,-78.8960746
2020-08-02 14:38:21.818,43.9462432,-78.8960744
2020-08-02 14:38:22.804,43.9461975,-78.8960743
2020-08-02 14:38:23.818,43.9461521,-78.8960741
2020-08-02 14:38:24.819,43.9461059,-78.8960735
2020-08-02 14:38:25.818,43.9460594,-78.8960731
2020-08-02 14:38:26.818,43.9460133,-78.8960731
2020-08-02 14:38:27.818,43.9459769,-78.8960734
2020-08-02 14:38:28.804,43.9459317,-78.8960738
2020-08-02 14:38:29.820,43.9458858,-78.896074
2020-08-02 14:38:30.820,43.9458393,-78.8960741
2020-08-02 14:38:31.820,43.9457934,-78.8960743
2020-08-02 14:38:32.820,43.9457479,-78.8960746
2020-08-02 14:38:33.804,43.9457032,-78.8960747
2020-08-02 14:38:34.806,43.9456574,-78.8960746
2020-08-02 14:38:35.820,43.945611,-78.8960743
2020-08-02 14:38:36.821,43.945611,-78.8960743
2020-08-02 14:38:37.821,43.9455651,-78.8960741
2020-08-02 14:38:38.822,43.9455286,-78.896074
2020-08-02 14:38:39.822,43.9454834,-78.8960738
2020-08-02 14:38:40.820,43.9454372,-78.8960735
2020-08-02 14:38:41.807,43.9453903,-78.8960733
2020-08-02 14:38:42.807,43.9453443,-78.8960735
2020-08-02 14:38:43.806,43.9452989,-78.8960738
2020-08-02 14:38:44.824,43.9452536,-78.896074
2020-08-02 14:38:45.809,43.9452077,-78.8960741
2020-08-02 14:38:46.809,43.9451611,-78.8960739
2020-08-02 14:38:47.825,43.9451149,-78.8960739
2020-08-02 14:38:48.809,43.9450692,-78.8960739
2020-08-02 14:38:49.825,43.9450328,-78.896074
2020-08-02 14:38:50.810,43.9449872,-78.8960741
2020-08-02 14:38:51.826,43.9449405,-78.8960742
2020-08-02 14:38:52.811,43.9448942,-78.8960744
2020-08-02 14:38:53.809,43.9448484,-78.896075
2020-08-02 14:38:54.811,43.9448028,-78.8960754
2020-08-02 14:38:55.831,43.9447567,-78.8960752
2020-08-02 14:38:56.812,43.94471,-78.8960747
2020-08-02 14:38:57.812,43.9446639,-78.8960743
2020-08-02 14:38:58.812,43.9446184,-78.8960741
2020-08-02 14:38:59.812,43.9445822,-78.896074
2020-08-02 14:39:00.813,43.944537,-78.8960736
2020-08-02 14:39:01.813,43.9444909,-78.8960731
2020-08-02 14:39:02.830,43.9444449,-78.896073
2020-08-02 14:39:03.823,43.9443994,-78.8960731
2020-08-02 14:39:04.815,43.944354,-78.8960735
2020-08-02 14:39:05.831,43.9443084,-78.8960739
2020-08-02 14:39:06.815,43.9442619,-78.8960741
2020-08-02 14:39:07.804,43.9442153,-78.8960744
2020-08-02 14:39:08.816,43.9441698,-78.8960751
2020-08-02 14:39:09.818,43.9441337,-78.8960756
2020-08-02 14:39:10.817,43.9440886,-78.8960757
2020-08-02 14:39:11.840,43.9440425,-78.8960754
2020-08-02 14:39:12.817,43.9439957,-78.8960748
2020-08-02 14:39:13.805,43.9439957,-78.8960748
2020-08-02 14:39:14.804,43.9439496,-78.8960744
2020-08-02 14:39:15.818,43.9439043,-78.8960741
2020-08-02 14:39:16.831,43.9438588,-78.8960739
2020-08-02 14:39:17.819,43.9438124,-78.8960732
2020-08-02 14:39:18.819,43.9437659,-78.8960726
2020-08-02 14:39:19.820,43.9437202,-78.8960723
2020-08-02 14:39:20.804,43.9436841,-78.8960723
2020-08-02 14:39:21.809,43.9436392,-78.8960723
2020-08-02 14:39:22.820,43.9435932,-78.8960725
2020-08-02 14:39:23.807,43.9435539,-78.8960734
2020-08-02 14:39:24.822,43.9435345,-78.8960767
2020-08-02 14:39:25.805,43.9435263,-78.8960768
2020-08-02 14:39:26.822,43.9435277,-78.8960505
2020-08-02 14:39:27.807,43.943539,-78.8959969
2020-08-02 14:39:28.807,43.9435519,-78.8959334
2020-08-02 14:39:29.807,43.9435607,-78.895869
2020-08-02 14:39:30.823,43.9435665,-78.895818
2020-08-02 14:39:31.807,43.9435732,-78.8957576
2020-08-02 14:39:32.825,43.9435763,-78.8957195
2020-08-02 14:39:33.825,43.9435763,-78.8957003
2020-08-02 14:39:34.809,43.9435901,-78.8956865
2020-08-02 14:39:35.826,43.9436265,-78.895685
2020-08-02 14:39:36.826,43.9436726,-78.8956904
2020-08-02 14:39:37.826,43.9437198,-78.8956913
2020-08-02 14:39:38.810,43.9437674,-78.8956895
2020-08-02 14:39:39.826,43.9438145,-78.8956877
2020-08-02 14:39:40.827,43.9438604,-78.8956862
2020-08-02 14:39:41.828,43.9438968,-78.8956856
2020-08-02 14:39:42.830,43.9439427,-78.8956854
2020-08-02 14:39:43.813,43.9439893,-78.8956854
2020-08-02 14:39:44.813,43.9440358,-78.8956857
2020-08-02 14:39:45.832,43.9440814,-78.8956861
2020-08-02 14:39:46.830,43.944126,-78.8956865
2020-08-02 14:39:47.831,43.9441714,-78.8956868
2020-08-02 14:39:48.804,43.9442174,-78.8956873
2020-08-02 14:39:49.820,43.9442633,-78.8956874
2020-08-02 14:39:50.816,43.9442633,-78.8956874
2020-08-02 14:39:51.815,43.9443087,-78.8956874
2020-08-02 14:39:52.804,43.944345,-78.8956875
2020-08-02 14:39:53.804,43.9443903,-78.8956876
2020-08-02 14:39:54.819,43.9444367,-78.8956878
2020-08-02 14:39:55.815,43.9444832,-78.8956878
2020-08-02 14:39:56.817,43.9445291,-78.8956877
2020-08-02 14:39:57.804,44.5175325,-78.3227297
2020-08-02 14:39:58.804,44.5175787,-78.3227295
2020-08-02 14:39:59.817,44.5176249,-78.3227294
2020-08-02 14:40:00.818,44.5176712,-78.3227292
2020-08-02 14:40:01.818,44.5177172,-78.3227288
2020-08-02 14:40:02.818,44.5177539,-78.3227285
2020-08-02 14:40:03.819,44.5177999,-78.3227284
2020-08-02 14:40:04.820,44.5178458,-78.3227284
2020-08-02 14:40:05.820,44.5178914,-78.3227285
2020-08-02 14:40:06.821,44.5179373,-78.3227285
2020-08-02 14:40:07.819,44.5179829,-78.3227285
2020-08-02 14:40:08.804,44.5180291,-78.3227286
2020-08-02 14:40:09.821,44.5180747,-78.3227288
2020-08-02 14:40:10.824,44.5181207,-78.3227291
2020-08-02 14:40:11.821,44.5181654,-78.3227305
2020-08-02 14:40:12.821,43.9452281,-78.8956999
2020-08-02 14:40:13.805,44.5181789,-78.322757
2020-08-02 14:40:14.822,44.5181548,-78.322775
2020-08-02 14:40:15.806,44.5181159,-78.3228061
2020-08-02 14:40:16.824,44.5180779,-78.3228467
2020-08-02 14:40:17.806,44.5180425,-78.3228878
2020-08-02 14:40:18.825,44.5180085,-78.3229266
2020-08-02 14:40:19.823,44.517974,-78.3229652
2020-08-02 14:40:20.831,44.5179373,-78.3230034
2020-08-02 14:40:21.827,44.5178992,-78.3230407
2020-08-02 14:40:22.826,44.5178624,-78.3230771
2020-08-02 14:40:23.810,44.5178326,-78.3231057
2020-08-02 14:40:24.810,44.5177952,-78.3231428
2020-08-02 14:40:25.810,43.9447995,-78.8961388
2020-08-02 14:40:26.827,44.5177198,-78.3232192
2020-08-02 14:40:27.811,43.9447244,-78.8962142
2020-08-02 14:40:28.827,43.944687,-78.8962508
2020-08-02 14:40:29.811,43.9446491,-78.8962869
2020-08-02 14:40:30.836,43.9446115,-78.8963224
2020-08-02 14:40:31.813,43.9445736,-78.8963571
2020-08-02 14:40:32.813,43.9445354,-78.8963914
2020-08-02 14:40:33.829,43.9445049,-78.8964187
2020-08-02 14:40:34.829,43.9444661,-78.8964542
2020-08-02 14:40:35.830,43.9444284,-78.8964908
2020-08-02 14:40:36.843,43.94439,-78.8965277
2020-08-02 14:40:37.830,43.9443511,-78.8965646
2020-08-02 14:40:38.814,43.9443126,-78.8966018
2020-08-02 14:40:39.835,43.9442736,-78.8966389
2020-08-02 14:40:40.814,43.9442348,-78.8966761
2020-08-02 14:40:41.817,43.9441972,-78.8967115
2020-08-02 14:40:42.817,43.9441735,-78.8967155
2020-08-02 14:40:43.804,43.944169,-78.8966892
2020-08-02 14:40:44.804,43.9441745,-78.8966376
2020-08-02 14:40:45.804,43.9441833,-78.8965718
2020-08-02 14:40:46.813,43.9441872,-78.8965046
2020-08-02 14:40:47.804,43.9441872,-78.8965046
2020-08-02 14:40:48.820,43.9441887,-78.8964394
2020-08-02 14:40:49.804,43.9441903,-78.8963767
2020-08-02 14:40:50.819,43.9441926,-78.8963146
2020-08-02 14:40:51.819,43.9441957,-78.8962516
2020-08-02 14:40:52.820,43.9441995,-78.8961882
2020-08-02 14:40:53.804,43.9442034,-78.8961254
2020-08-02 14:40:54.805,43.9442066,-78.8960753
2020-08-02 14:40:55.820,43.9442106,-78.896013
2020-08-02 14:40:56.821,43.9442146,-78.8959493
2020-08-02 14:40:57.813,43.9442186,-78.895885
2020-08-02 14:40:58.822,43.9442224,-78.895821
2020-08-02 14:40:59.806,43.9442259,-78.8957602
2020-08-02 14:41:00.809,43.9442284,-78.8957218
2020-08-02 14:41:01.806,43.9442492,-78.8957118
2020-08-02 14:41:02.823,43.9442906,-78.8957215
2020-08-02 14:41:03.823,43.9443375,-78.8957273
2020-08-02 14:41:04.813,43.9443844,-78.8957259
2020-08-02 14:41:05.824,43.9444209,-78.8957232
2020-08-02 14:41:06.831,43.944467,-78.89572
2020-08-02 14:41:07.825,43.9445133,-78.8957177
2020-08-02 14:41:08.825,43.9445594,-78.8957161
2020-08-02 14:41:09.825,43.9446048,-78.8957149
2020-08-02 14:41:10.809,43.9446499,-78.8957141
2020-08-02 14:41:11.844,43.9446961,-78.8957135
2020-08-02 14:41:12.827,43.9447424,-78.8957131
2020-08-02 14:41:13.810,43.9447887,-78.8957125
2020-08-02 14:41:14.827,43.9448346,-78.895712
2020-08-02 14:41:15.811,43.9448708,-78.8957116
2020-08-02 14:41:16.813,43.9449165,-78.8957114
2020-08-02 14:41:17.814,43.9449632,-78.8957112
2020-08-02 14:41:18.830,43.9450095,-78.8957107
2020-08-02 14:41:19.829,43.9450095,-78.8957107
2020-08-02 14:41:20.831,43.9450552,-78.8957099
2020-08-02 14:41:21.816,43.9451001,-78.8957092
2020-08-02 14:41:22.804,43.9451452,-78.8957086
2020-08-02 14:41:23.816,43.9451915,-78.8957081
2020-08-02 14:41:24.815,43.9452375,-78.8957074
2020-08-02 14:41:25.816,43.9452833,-78.8957063
2020-08-02 14:41:26.818,43.9453194,-78.8957055
2020-08-02 14:41:27.817,43.9453651,-78.8957046
2020-08-02 14:41:28.804,43.9454116,-78.895704
2020-08-02 14:41:29.818,43.945458,-78.8957034
2020-08-02 14:41:30.817,43.9455037,-78.8957027
2020-08-02 14:41:31.804,43.9455488,-78.8957023
2020-08-02 14:41:32.804,43.9455942,-78.895702
2020-08-02 14:41:33.819,43.9456404,-78.8957015
2020-08-02 14:41:34.818,43.9456865,-78.8957006
2020-08-02 14:41:35.819,43.9457322,-78.8956996
2020-08-02 14:41:36.818,43.9457685,-78.8956987
2020-08-02 14:41:37.820,43.9458138,-78.8956977
2020-08-02 14:41:38.819,43.9458605,-78.8956969
2020-08-02 14:41:39.820,43.9459068,-78.895696
2020-08-02 14:41:40.819,43.9459527,-78.895695
2020-08-02 14:41:41.804,43.9459979,-78.8956939
2020-08-02 14:41:42.804,43.9460431,-78.8956929
2020-08-02 14:41:43.804,43.9460895,-78.8956919
2020-08-02 14:41:44.805,43.9461364,-78.8956909
2020-08-02 14:41:45.805,43.9461824,-78.8956899
2020-08-02 14:41:46.806,43.946219,-78.895689
2020-08-02 14:41:47.822,43.9462644,-78.8956883
2020-08-02 14:41:48.805,43.9463109,-78.8956876
2020-08-02 14:41:49.824,43.9463573,-78.8956871
2020-08-02 14:41:50.824,43.9464032,-78.8956865
2020-08-02 14:41:51.824,43.9464484,-78.8956859
2020-08-02 14:41:52.824,43.9464484,-78.8956859
2020-08-02 14:41:53.840,43.9464934,-78.8956853
2020-08-02 14:41:54.825,43.9465392,-78.8956851
2020-08-02 14:41:55.826,43.9465813,-78.8956845
2020-08-02 14:41:56.810,43.9466041,-78.8956827
2020-08-02 14:41:57.826,43.9466121,-78.8956813
2020-08-02 14:41:58.810,43.9466077,-78.8956755
2020-08-02 14:41:59.812,43.9465833,-78.8956648
2020-08-02 14:42:00.811,43.9465411,-78.8956515
2020-08-02 14:42:01.811,43.946496,-78.8956352
2020-08-02 14:42:02.812,43.9464517,-78.8956183
2020-08-02 14:42:03.812,43.9464081,-78.895603
2020-08-02 14:42:04.828,43.9463637,-78.8955885
2020-08-02 14:42:05.814,43.9463184,-78.8955743
2020-08-02 14:42:06.829,43.9462736,-78.89556
2020-08-02 14:42:07.830,43.9462294,-78.8955452
2020-08-02 14:42:08.830,43.9461944,-78.8955331
2020-08-02 14:42:09.813,43.9461498,-78.8955173
2020-08-02 14:42:10.814,43.9461045,-78.8955008
2020-08-02 14:42:11.831,43.9460596,-78.8954844
2020-08-02 14:42:12.815,43.9460152,-78.8954684
2020-08-02 14:42:13.815,43.9459713,-78.8954526
2020-08-02 14:42:14.832,43.9459275,-78.8954365
2020-08-02 14:42:15.816,43.9458827,-78.8954198
2020-08-02 14:42:16.806,43.945838,-78.895403
2020-08-02 14:42:17.816,43.9457939,-78.8953866
2020-08-02 14:42:18.807,43.9457587,-78.8953736
2020-08-02 14:42:19.804,43.9457145,-78.8953575
2020-08-02 14:42:20.804,43.9456692,-78.895341
2020-08-02 14:42:21.817,43.9456241,-78.8953247
2020-08-02 14:42:22.818,43.9455807,-78.8953092
2020-08-02 14:42:23.819,43.9455383,-78.8952943
2020-08-02 14:42:24.820,43.9454924,-78.8952927
2020-08-02 14:42:25.819,43.9454455,-78.8952964
2020-08-02 14:42:26.819,43.9453996,-78.8952977
2020-08-02 14:42:27.804,43.9453996,-78.8952977
2020-08-02 14:42:28.820,43.9453545,-78.8952979
2020-08-02 14:42:29.820,43.9453185,-78.8952978
2020-08-02 14:42:30.804,43.9452735,-78.8952977
2020-08-02 14:42:31.820,43.9452273,-78.8952974
2020-08-02 14:42:32.805,43.9451809,-78.8952971
2020-08-02 14:42:33.821,43.9451346,-78.8952969
2020-08-02 14:42:34.806,43.9450889,-78.895297
2020-08-02 14:42:35.823,43.9450431,-78.8952972
2020-08-02 14:42:36.823,43.9449967,-78.8952972
2020-08-02 14:42:37.822,43.9449499,-78.8952971
2020-08-02 14:42:38.807,43.9449042,-78.8952971
2020-08-02 14:42:39.807,43.9448676,-78.8952972
2020-08-02 14:42:40.825,43.9448224,-78.8952971
2020-08-02 14:42:41.809,43.9447765,-78.8952971
2020-08-02 14:42:42.840,43.9447303,-78.895297
2020-08-02 14:42:43.810,43.9446848,-78.8952971
2020-08-02 14:42:44.826,43.94464,-78.8952975
2020-08-02 14:42:45.805,43.9445952,-78.8952975
2020-08-02 14:42:46.826,43.9445492,-78.8952973
2020-08-02 14:42:47.810,43.9445026,-78.895297
2020-08-02 14:42:48.810,43.9444566,-78.8952968
2020-08-02 14:42:49.811,43.9444203,-78.8952968
2020-08-02 14:42:50.827,43.9443751,-78.8952967
2020-08-02 14:42:51.812,43.944329,-78.8952963
2020-08-02 14:42:52.840,43.9442823,-78.895296
2020-08-02 14:42:53.812,43.9442362,-78.8952959
2020-08-02 14:42:54.814,43.9441905,-78.8952959
2020-08-02 14:42:55.813,43.9441452,-78.895296
2020-08-02 14:42:56.814,43.9440991,-78.895296
2020-08-02 14:42:57.817,43.9440527,-78.8952961
2020-08-02 14:42:58.815,43.9440066,-78.8952964
2020-08-02 14:42:59.804,43.9439611,-78.8952969
2020-08-02 14:43:00.804,43.943925,-78.8952972
2020-08-02 14:43:01.816,43.9438793,-78.8952975
2020-08-02 14:43:02.815,43.9438328,-78.8952975
2020-08-02 14:43:03.816,43.9437866,-78.8952976
2020-08-02 14:43:04.817,43.9437866,-78.8952976
2020-08-02 14:43:05.818,43.9437411,-78.8952977
2020-08-02 14:43:06.818,43.9436971,-78.8952978
2020-08-02 14:43:07.818,43.9436695,-78.8952992
2020-08-02 14:43:08.804,43.9436573,-78.8953012
2020-08-02 14:43:09.819,43.9436525,-78.8952909
2020-08-02 14:43:10.804,43.943658,-78.8952489
2020-08-02 14:43:11.821,43.9436678,-78.8951996
2020-08-02 14:43:12.804,43.943678,-78.8951352
2020-08-02 14:43:13.820,43.9436856,-78.8950698
2020-08-02 14:43:14.820,43.9436929,-78.8950054
2020-08-02 14:43:15.821,43.9436988,-78.8949555
2020-08-02 14:43:16.804,43.9437004,-78.8949316
2020-08-02 14:43:17.822,43.9437061,-78.894916
2020-08-02 14:43:18.821,43.9437342,-78.8949087
2020-08-02 14:43:19.821,43.943778,-78.894912
2020-08-02 14:43:20.825,43.9438244,-78.8949146
2020-08-02 14:43:21.823,43.9438615,-78.8949146
2020-08-02 14:43:22.823,43.943907,-78.8949133
2020-08-02 14:43:23.806,43.9439533,-78.8949121
2020-08-02 14:43:24.823,43.9439998,-78.8949112
2020-08-02 14:43:25.825,43.944046,-78.8949107
2020-08-02 14:43:26.824,43.9440918,-78.8949104
2020-08-02 14:43:27.824,43.9441379,-78.8949101
2020-08-02 14:43:28.824,43.9441847,-78.8949101
2020-08-02 14:43:29.825,43.9442314,-78.8949099
2020-08-02 14:43:30.825,43.944277,-78.8949098
2020-08-02 14:43:31.826,43.9443131,-78.8949099
2020-08-02 14:43:32.826,43.9443583,-78.8949101
2020-08-02 14:43:33.811,43.9444045,-78.8949108
2020-08-02 14:43:34.827,43.9444401,-78.8949108
2020-08-02 14:43:35.827,43.9444561,-78.894909
2020-08-02 14:43:36.811,43.9444638,-78.894913
2020-08-02 14:43:37.812,43.9444638,-78.894913
2020-08-02 14:43:38.811,43.9444749,-78.8949512
2020-08-02 14:43:39.813,43.9444918,-78.89501
2020-08-02 14:43:40.829,43.9445132,-78.8950683
2020-08-02 14:43:41.829,43.9445357,-78.8951257
2020-08-02 14:43:42.813,43.9445529,-78.8951705
2020-08-02 14:43:43.850,43.9445741,-78.8952265
2020-08-02 14:43:44.830,43.9445954,-78.8952835
2020-08-02 14:43:45.816,43.9446166,-78.8953417
2020-08-02 14:43:46.830,43.9446372,-78.8953995
2020-08-02 14:43:47.814,43.9446572,-78.8954563
2020-08-02 14:43:48.832,43.9446766,-78.8955121
2020-08-02 14:43:49.817,43.9446963,-78.8955692
2020-08-02 14:43:50.818,43.9447165,-78.8956269
2020-08-02 14:43:51.818,43.9447368,-78.8956848
2020-08-02 14:43:52.804,43.9447568,-78.8957417
2020-08-02 14:43:53.819,43.9447727,-78.8957864
2020-08-02 14:43:54.819,43.9447929,-78.8958434
2020-08-02 14:43:55.818,43.9448134,-78.8959012
2020-08-02 14:43:56.820,43.9448341,-78.8959589
2020-08-02 14:43:57.804,43.9448545,-78.8960153
2020-08-02 14:43:58.819,43.9448748,-78.8960712
2020-08-02 14:43:59.818,43.9448951,-78.8961277
2020-08-02 14:44:00.804,43.9449156,-78.8961854
2020-08-02 14:44:01.805,43.9449363,-78.8962432
2020-08-02 14:44:02.822,43.9449568,-78.8963006
2020-08-02 14:44:03.804,43.9449731,-78.8963461
2020-08-02 14:44:04.804,43.9449934,-78.8964033
2020-08-02 14:44:05.821,43.945014,-78.8964612
2020-08-02 14:44:06.821,43.9450345,-78.896519
2020-08-02 14:44:07.823,43.9450548,-78.896576
2020-08-02 14:44:08.806,43.9450749,-78.8966321
2020-08-02 14:44:09.806,43.945095,-78.8966887
2020-08-02 14:44:10.824,43.9451155,-78.8967462
2020-08-02 14:44:11.807,43.9451155,-78.8967462
2020-08-02 14:44:12.824,43.9451351,-78.8967983
2020-08-02 14:44:13.824,43.9451477,-78.8968256
2020-08-02 14:44:14.825,43.9451526,-78.8968346
2020-08-02 14:44:15.810,43.9451555,-78.8968392
2020-08-02 14:44:16.810,43.945156,-78.8968428
2020-08-02 14:44:17.810,43.9451552,-78.896847
2020-08-02 14:44:18.804,43.9451546,-78.8968511
2020-08-02 14:44:19.812,43.9451544,-78.8968541
2020-08-02 14:44:20.810,43.9451548,-78.8968556
2020-08-02 14:44:21.811,43.945155,-78.8968557
2020-08-02 14:44:22.812,43.9451553,-78.8968549
2020-08-02 14:44:23.811,43.9451554,-78.896854
2020-08-02 14:44:24.812,43.9451554,-78.8968534
2020-08-02 14:44:25.813,43.9451554,-78.8968527
2020-08-02 14:44:26.814,43.9451556,-78.8968521
2020-08-02 14:44:27.813,43.9451558,-78.8968514
2020-08-02 14:44:28.814,43.9451559,-78.8968508
2020-08-02 14:44:29.814,43.945156,-78.8968503
2020-08-02 14:44:30.814,43.9451561,-78.8968497
2020-08-02 14:44:31.815,43.945156,-78.8968493
2020-08-02 14:44:32.804,43.9451557,-78.8968492
2020-08-02 14:44:33.804,43.9451555,-78.8968494
2020-08-02 14:44:34.815,43.9451555,-78.8968497
2020-08-02 14:44:35.804,43.9451555,-78.8968497
2020-08-02 14:44:36.805,43.9451555,-78.8968501
2020-08-02 14:44:37.804,43.9451554,-78.8968506
2020-08-02 14:44:38.804,43.9451551,-78.8968511
2020-08-02 14:44:39.817,43.9451549,-78.8968516
2020-08-02 14:44:40.804,43.9451548,-78.8968523
2020-08-02 14:44:41.804,43.9451548,-78.8968526
2020-08-02 14:44:42.804,43.9451549,-78.8968528
2020-08-02 14:44:43.805,43.945155,-78.8968527
2020-08-02 14:44:44.804,43.9451551,-78.8968526
2020-08-02 14:44:45.804,43.945155,-78.8968524
2020-08-02 14:44:46.804,43.945155,-78.8968522
2020-08-02 14:44:47.804,43.9451549,-78.8968521
2020-08-02 14:44:48.804,43.9451548,-78.8968519
2020-08-02 14:44:49.804,43.9451547,-78.8968516
2020-08-02 14:44:50.804,43.9451546,-78.8968515
2020-08-02 14:44:51.806,43.9451546,-78.8968516
2020-08-02 14:44:52.804,43.9451546,-78.8968517
2020-08-02 14:44:53.805,43.9451545,-78.8968517
2020-08-02 14:44:54.805,43.9451545,-78.8968516
2020-08-02 14:44:55.807,43.9451546,-78.8968514
2020-08-02 14:44:56.807,43.9451545,-78.8968513
2020-08-02 14:44:57.808,43.9451543,-78.8968512
2020-08-02 14:44:58.808,43.9451542,-78.8968512
2020-08-02 14:44:59.809,43.9451542,-78.8968513
2020-08-02 14:45:00.807,43.9451544,-78.8968517
2020-08-02 14:45:01.809,43.9451547,-78.896852
2020-08-02 14:45:02.809,43.9451547,-78.896852
2020-08-02 14:45:03.810,43.9451549,-78.8968521
2020-08-02 14:45:04.810,43.9451551,-78.896852
2020-08-02 14:45:05.811,43.9451551,-78.8968519
2020-08-02 14:45:06.809,43.9451552,-78.8968518
2020-08-02 14:45:07.812,43.9451553,-78.8968517
2020-08-02 14:45:08.810,43.9451553,-78.8968515
2020-08-02 14:45:09.811,43.9451554,-78.8968516
2020-08-02 14:45:10.804,43.9451555,-78.8968516
2020-08-02 14:45:11.811,43.9451555,-78.8968516
2020-08-02 14:45:12.804,43.9451555,-78.8968517
2020-08-02 14:45:13.814,43.9451556,-78.8968517
2020-08-02 14:45:14.804,43.9451555,-78.8968517
2020-08-02 14:45:15.805,43.9451555,-78.8968517
2020-08-02 14:45:16.808,43.9451555,-78.8968517
2020-08-02 14:45:17.831,43.9451556,-78.8968517
2020-08-02 14:45:18.804,43.9451555,-78.8968516
2020-08-02 14:45:19.808,43.9451556,-78.8968517
2020-08-02 14:45:20.804,43.9451555,-78.8968517
2020-08-02 14:45:21.804,43.9451556,-78.8968517
2020-08-02 14:45:22.805,43.9451555,-78.8968517
2020-08-02 14:45:23.804,43.9451555,-78.8968517
2020-08-02 14:45:24.804,43.9451556,-78.8968517
2020-08-02 14:45:25.807,43.9451556,-78.8968517
2020-08-02 14:45:26.804,43.9451555,-78.8968517
2020-08-02 14:45:27.804,43.9451556,-78.8968517
2020-08-02 14:45:28.812,43.9451556,-78.8968517
2020-08-02 14:45:29.804,43.9451555,-78.8968517
2020-08-02 14:45:30.804,43.9451555,-78.8968517
2020-08-02 14:45:31.804,43.9451556,-78.8968516
2020-08-02 14:45:32.804,43.9451556,-78.8968517
2020-08-02 14:45:33.805,43.9451555,-78.8968517
2020-08-02 14:45:34.804,43.9451556,-78.8968517
2020-08-02 14:45:35.804,43.9451556,-78.8968517
2020-08-02 14:45:36.804,43.9451556,-78.8968517
2020-08-02 14:45:37.804,43.9451556,-78.8968517
2020-08-02 14:45:38.804,43.9451556,-78.8968517
2020-08-02 14:45:39.804,43.9451556,-78.8968517
2020-08-02 14:45:40.808,43.9451556,-78.8968517
2020-08-02 14:45:41.804,43.9451556,-78.8968517
2020-08-02 14:45:42.806,43.9451556,-78.8968517
2020-08-02 14:45:43.804,43.9451556,-78.8968517
2020-08-02 14:45:44.804,43.9451555,-78.8968517
2020-08-02 14:45:45.803,43.9451556,-78.8968517
2020-08-02 14:45:46.804,43.9451556,-78.8968517
2020-08-02 14:45:47.804,43.9451556,-78.8968517
2020-08-02 14:45:48.805,43.9451555,-78.8968517
2020-08-02 14:45:49.804,43.9451555,-78.8968517
2020-08-02 14:45:50.806,43.9451555,-78.8968517
2020-08-02 14:45:51.804,43.9451556,-78.8968516
2020-08-02 14:45:52.805,43.9451556,-78.8968517
2020-08-02 14:45:53.806,43.9451556,-78.8968517
2020-08-02 14:45:54.805,43.9451555,-78.8968516
2020-08-02 14:45:55.804,43.9451556,-78.8968516
2020-08-02 14:45:56.804,43.9451556,-78.8968516
2020-08-02 14:45:57.805,43.9451556,-78.8968517
2020-08-02 14:45:58.804,43.9451556,-78.8968517
2020-08-02 14:45:59.814,43.9451556,-78.8968516
2020-08-02 14:46:00.805,43.9451556,-78.8968517
2020-08-02 14:46:01.805,43.9451555,-78.8968517
2020-08-02 14:46:02.804,43.9451556,-78.8968517
2020-08-02 14:46:03.806,43.9451555,-78.8968517
2020-08-02 14:46:04.804,43.9451555,-78.8968517
2020-08-02 14:46:05.804,43.9451556,-78.8968517
2020-08-02 14:46:06.805,43.9451555,-78.8968517
2020-08-02 14:46:07.807,43.9451556,-78.8968517
2020-08-02 14:46:08.804,43.9451555,-78.8968517
2020-08-02 14:46:09.804,43.9451555,-78.8968517
2020-08-02 14:46:10.804,43.9451555,-78.8968516
2020-08-02 14:46:11.804,43.9451555,-78.8968516
2020-08-02 14:46:12.806,43.9451555,-78.8968517
2020-08-02 14:46:13.804,43.9451555,-78.8968517
2020-08-02 14:46:14.804,43.9451555,-78.8968517
2020-08-02 14:46:15.806,43.9451555,-78.8968516
2020-08-02 14:46:16.804,43.9451555,-78.8968517
2020-08-02 14:46:17.804,43.9451555,-78.8968517
2020-08-02 14:46:18.804,43.9451555,-78.8968516
