Timestamp,roll
2020-08-02 18:57:49,-1
2020-08-02 18:57:50,-1
2020-08-02 18:57:51,2.1
2020-08-02 18:57:52,-0.7
2020-08-02 18:57:53,-1.4
2020-08-02 18:57:54,-1.6
2020-08-02 18:57:55,-1.5
2020-08-02 18:57:56,-1.3
2020-08-02 18:57:57,-0.8
2020-08-02 18:57:58,-0.8
2020-08-02 18:57:59,-1
2020-08-02 18:58:00,-0.9
2020-08-02 18:58:01,-1
2020-08-02 18:58:02,-0.9
2020-08-02 18:58:03,-0.8
2020-08-02 18:58:04,-0.9
2020-08-02 18:58:05,-0.9
2020-08-02 18:58:06,-1.1
2020-08-02 18:58:07,-1.2
2020-08-02 18:58:08,-1.2
2020-08-02 18:58:09,-0.9
2020-08-02 18:58:10,-0.8
2020-08-02 18:58:11,-0.8
2020-08-02 18:58:12,-0.8
2020-08-02 18:58:13,-0.8
2020-08-02 18:58:14,-0.8
2020-08-02 18:58:15,-2.2
2020-08-02 18:58:16,-15.3
2020-08-02 18:58:17,-0.5
2020-08-02 18:58:18,3.9
2020-08-02 18:58:19,5.7
2020-08-02 18:58:20,6.1
2020-08-02 18:58:21,5.6
2020-08-02 18:58:22,5.2
2020-08-02 18:58:23,4.8
2020-08-02 18:58:24,4.5
2020-08-02 18:58:25,4.2
2020-08-02 18:58:26,4.1
2020-08-02 18:58:27,4.2
2020-08-02 18:58:28,4.2
2020-08-02 18:58:29,4.3
2020-08-02 18:58:30,4.4
2020-08-02 18:58:31,4.5
2020-08-02 18:58:32,4.5
2020-08-02 18:58:33,4.6
2020-08-02 18:58:34,4.7
2020-08-02 18:58:35,4.6
2020-08-02 18:58:36,4.7
2020-08-02 18:58:37,4.7
2020-08-02 18:58:38,4.8
2020-08-02 18:58:39,4.9
2020-08-02 18:58:40,4.9
2020-08-02 18:58:41,4.8
2020-08-02 18:58:42,4.8
2020-08-02 18:58:43,4.8
2020-08-02 18:58:44,4.7
2020-08-02 18:58:45,4.7
2020-08-02 18:58:46,4.6
2020-08-02 18:58:47,4.7
2020-08-02 18:58:48,4.5
2020-08-02 18:58:49,4.5
2020-08-02 18:58:50,4.5
2020-08-02 18:58:51,4.5
2020-08-02 18:58:52,4.5
2020-08-02 18:58:53,4.4
2020-08-02 18:58:54,4.5
2020-08-02 18:58:55,4.4
2020-08-02 18:58:56,4.2
2020-08-02 18:58:57,4.2
2020-08-02 18:58:58,4.2
2020-08-02 18:58:59,4.2
2020-08-02 18:59:00,4.3
2020-08-02 18:59:01,4.3
2020-08-02 18:59:02,4.3
2020-08-02 18:59:03,4.3
2020-08-02 18:59:04,4.2
2020-08-02 18:59:05,4.2
2020-08-02 18:59:06,4.1
2020-08-02 18:59:07,4.1
2020-08-02 18:59:08,4
2020-08-02 18:59:09,4
2020-08-02 18:59:10,4.1
2020-08-02 18:59:11,4.1
2020-08-02 18:59:12,4.1
2020-08-02 18:59:13,4.1
2020-08-02 18:59:14,4.1
2020-08-02 18:59:15,3.8
2020-08-02 18:59:16,3.8
2020-08-02 18:59:17,3.8
2020-08-02 18:59:18,4
2020-08-02 18:59:19,3.8
2020-08-02 18:59:20,4.1
2020-08-02 18:59:21,3.5
2020-08-02 18:59:22,-1
2020-08-02 18:59:23,-6.8
2020-08-02 18:59:24,-5.1
2020-08-02 18:59:25,-1.4
2020-08-02 18:59:26,-0.1
2020-08-02 18:59:27,1
2020-08-02 18:59:28,1.5
2020-08-02 18:59:29,1.1
2020-08-02 18:59:30,0.9
2020-08-02 18:59:31,1.6
2020-08-02 18:59:32,2.1
2020-08-02 18:59:33,2.5
2020-08-02 18:59:34,2.6
2020-08-02 18:59:35,2.6
2020-08-02 18:59:36,2.4
2020-08-02 18:59:37,2.2
2020-08-02 18:59:38,2.4
2020-08-02 18:59:39,2.3
2020-08-02 18:59:40,2.4
2020-08-02 18:59:41,2.5
2020-08-02 18:59:42,2.4
2020-08-02 18:59:43,2.6
2020-08-02 18:59:44,2.5
2020-08-02 18:59:45,2.5
2020-08-02 18:59:46,2.5
2020-08-02 18:59:47,2.6
2020-08-02 18:59:48,2.5
2020-08-02 18:59:49,2.5
2020-08-02 18:59:50,2.4
2020-08-02 18:59:51,2.5
2020-08-02 18:59:52,2.6
2020-08-02 18:59:53,2.5
2020-08-02 18:59:54,2.4
2020-08-02 18:59:55,2.4
2020-08-02 18:59:56,2
2020-08-02 18:59:57,2.5
2020-08-02 18:59:58,2.3
2020-08-02 18:59:59,0.6
2020-08-02 19:00:00,0.3
2020-08-02 19:00:01,-0.2
2020-08-02 19:00:02,-0.5
2020-08-02 19:00:03,-0.6
2020-08-02 19:00:04,-0.4
2020-08-02 19:00:05,-0.3
2020-08-02 19:00:06,-0.1
2020-08-02 19:00:07,-0.1
2020-08-02 19:00:08,-0.1
2020-08-02 19:00:09,0.2
2020-08-02 19:00:10,0
2020-08-02 19:00:11,0
2020-08-02 19:00:12,0.1
2020-08-02 19:00:13,0.1
2020-08-02 19:00:14,0.1
2020-08-02 19:00:15,0.2
2020-08-02 19:00:16,0.1
2020-08-02 19:00:17,0.2
2020-08-02 19:00:18,0.2
2020-08-02 19:00:19,0.4
2020-08-02 19:00:20,0.4
2020-08-02 19:00:21,0.4
2020-08-02 19:00:22,0.4
2020-08-02 19:00:23,0.4
2020-08-02 19:00:24,0.4
2020-08-02 19:00:25,1.2
2020-08-02 19:00:26,1.7
2020-08-02 19:00:27,-3.6
2020-08-02 19:00:28,-4.9
2020-08-02 19:00:29,-2
2020-08-02 19:00:30,0.5
2020-08-02 19:00:31,0.9
2020-08-02 19:00:32,1.1
2020-08-02 19:00:33,1.3
2020-08-02 19:00:34,1.4
2020-08-02 19:00:35,1.3
2020-08-02 19:00:36,1.3
2020-08-02 19:00:37,1.7
2020-08-02 19:00:38,2.1
2020-08-02 19:00:39,2.1
2020-08-02 19:00:40,2.2
2020-08-02 19:00:41,2.3
2020-08-02 19:00:42,2.3
2020-08-02 19:00:43,2.3
2020-08-02 19:00:44,2.3
2020-08-02 19:00:45,2.2
2020-08-02 19:00:46,2.4
2020-08-02 19:00:47,2.6
2020-08-02 19:00:48,2.6
2020-08-02 19:00:49,2.8
2020-08-02 19:00:50,2.9
2020-08-02 19:00:51,2.9
2020-08-02 19:00:52,3
2020-08-02 19:00:53,2.9
2020-08-02 19:00:54,2.9
2020-08-02 19:00:55,2.9
2020-08-02 19:00:56,2.9
2020-08-02 19:00:57,3
2020-08-02 19:00:58,2.8
2020-08-02 19:00:59,2.8
2020-08-02 19:01:00,2.8
2020-08-02 19:01:01,2.8
2020-08-02 19:01:02,2.8
2020-08-02 19:01:03,2.8
2020-08-02 19:01:04,2.7
2020-08-02 19:01:05,2.7
2020-08-02 19:01:06,2.7
2020-08-02 19:01:07,2.7
2020-08-02 19:01:08,2.7
2020-08-02 19:01:09,2.8
2020-08-02 19:01:10,2.8
2020-08-02 19:01:11,3.1
2020-08-02 19:01:12,2.8
2020-08-02 19:01:13,2.7
2020-08-02 19:01:14,2.9
2020-08-02 19:01:15,2.9
2020-08-02 19:01:16,2.9
2020-08-02 19:01:17,2.9
2020-08-02 19:01:18,2.8
2020-08-02 19:01:19,2.8
2020-08-02 19:01:20,2.8
2020-08-02 19:01:21,2.7
2020-08-02 19:01:22,2.9
2020-08-02 19:01:23,2.8
2020-08-02 19:01:24,2.9
2020-08-02 19:01:25,2.9
2020-08-02 19:01:26,2.9
2020-08-02 19:01:27,3.1
2020-08-02 19:01:28,3.1
2020-08-02 19:01:29,3
2020-08-02 19:01:30,3
2020-08-02 19:01:31,3.1
2020-08-02 19:01:32,3.6
2020-08-02 19:01:33,3.5
2020-08-02 19:01:34,12.6
2020-08-02 19:01:35,2
2020-08-02 19:01:36,0.7
2020-08-02 19:01:37,0.9
2020-08-02 19:01:38,0.7
2020-08-02 19:01:39,0.2
2020-08-02 19:01:40,-0.6
2020-08-02 19:01:41,0.9
2020-08-02 19:01:42,0.9
2020-08-02 19:01:43,8.4
2020-08-02 19:01:44,2.7
2020-08-02 19:01:45,-1.7
2020-08-02 19:01:46,-3.3
2020-08-02 19:01:47,-9.8
2020-08-02 19:01:48,2.2
2020-08-02 19:01:49,4.7
2020-08-02 19:01:50,4.3
2020-08-02 19:01:51,3.7
2020-08-02 19:01:52,3.2
2020-08-02 19:01:53,2.9
2020-08-02 19:01:54,2.6
2020-08-02 19:01:55,2.5
2020-08-02 19:01:56,2.4
2020-08-02 19:01:57,2.5
2020-08-02 19:01:58,2.6
2020-08-02 19:01:59,2.6
2020-08-02 19:02:00,2.5
2020-08-02 19:02:01,2.7
2020-08-02 19:02:02,2.8
2020-08-02 19:02:03,2.8
2020-08-02 19:02:04,2.8
2020-08-02 19:02:05,2.8
2020-08-02 19:02:06,2.7
2020-08-02 19:02:07,2.6
2020-08-02 19:02:08,2.4
2020-08-02 19:02:09,2.3
2020-08-02 19:02:10,2.3
2020-08-02 19:02:11,2.4
2020-08-02 19:02:12,2.5
2020-08-02 19:02:13,2.4
2020-08-02 19:02:14,2.3
2020-08-02 19:02:15,2.6
2020-08-02 19:02:16,2.5
2020-08-02 19:02:17,2.5
2020-08-02 19:02:18,2.5
2020-08-02 19:02:19,2.6
2020-08-02 19:02:20,2.4
2020-08-02 19:02:21,2.4
2020-08-02 19:02:22,2.2
2020-08-02 19:02:23,2.2
2020-08-02 19:02:24,2.2
2020-08-02 19:02:25,2.3
2020-08-02 19:02:26,2.4
2020-08-02 19:02:27,2.5
2020-08-02 19:02:28,2.5
2020-08-02 19:02:29,2.5
2020-08-02 19:02:30,2.5
2020-08-02 19:02:31,2.4
2020-08-02 19:02:32,2.4
2020-08-02 19:02:33,2.5
2020-08-02 19:02:34,2.6
2020-08-02 19:02:35,2.6
2020-08-02 19:02:36,2.6
2020-08-02 19:02:37,2.6
2020-08-02 19:02:38,2.6
2020-08-02 19:02:39,2.5
2020-08-02 19:02:40,2.4
2020-08-02 19:02:41,2.4
2020-08-02 19:02:42,2.5
2020-08-02 19:02:43,2.4
2020-08-02 19:02:44,2.3
2020-08-02 19:02:45,2.3
2020-08-02 19:02:46,2.4
2020-08-02 19:02:47,2.4
2020-08-02 19:02:48,2.4
2020-08-02 19:02:49,2.4
2020-08-02 19:02:50,2.4
2020-08-02 19:02:51,2.6
2020-08-02 19:02:52,2.7
2020-08-02 19:02:53,2.6
2020-08-02 19:02:54,2.7
2020-08-02 19:02:55,2.7
2020-08-02 19:02:56,2.5
2020-08-02 19:02:57,2.7
2020-08-02 19:02:58,2.6
2020-08-02 19:02:59,2.7
2020-08-02 19:03:00,2.6
2020-08-02 19:03:01,2.6
2020-08-02 19:03:02,2.4
2020-08-02 19:03:03,2.4
2020-08-02 19:03:04,2.6
2020-08-02 19:03:05,2.5
2020-08-02 19:03:06,2.7
2020-08-02 19:03:07,2.6
2020-08-02 19:03:08,2.8
2020-08-02 19:03:09,2.8
2020-08-02 19:03:10,2.9
2020-08-02 19:03:11,2.8
2020-08-02 19:03:12,3.1
2020-08-02 19:03:13,3.3
2020-08-02 19:03:14,-6.5
2020-08-02 19:03:15,-0.3
2020-08-02 19:03:16,1.7
2020-08-02 19:03:17,2.6
2020-08-02 19:03:18,3.4
2020-08-02 19:03:19,4
2020-08-02 19:03:20,4.6
2020-08-02 19:03:21,5.2
2020-08-02 19:03:22,4.4
2020-08-02 19:03:23,4.1
2020-08-02 19:03:24,-7.2
2020-08-02 19:03:25,-4.2
2020-08-02 19:03:26,0.9
2020-08-02 19:03:27,2.7
2020-08-02 19:03:28,3.4
2020-08-02 19:03:29,4.7
2020-08-02 19:03:30,3.3
2020-08-02 19:03:31,0.3
2020-08-02 19:03:32,0.7
2020-08-02 19:03:33,1.1
2020-08-02 19:03:34,1.2
2020-08-02 19:03:35,1.3
2020-08-02 19:03:36,1.4
2020-08-02 19:03:37,1.6
2020-08-02 19:03:38,1.8
2020-08-02 19:03:39,2
2020-08-02 19:03:40,2
2020-08-02 19:03:41,1.9
2020-08-02 19:03:42,1.9
2020-08-02 19:03:43,1.9
2020-08-02 19:03:44,1.8
2020-08-02 19:03:45,1.7
2020-08-02 19:03:46,1.7
2020-08-02 19:03:47,1.4
2020-08-02 19:03:48,1.6
2020-08-02 19:03:49,1.6
2020-08-02 19:03:50,1.6
2020-08-02 19:03:51,1.6
2020-08-02 19:03:52,1.7
2020-08-02 19:03:53,1.8
2020-08-02 19:03:54,1.7
2020-08-02 19:03:55,1.8
2020-08-02 19:03:56,1.7
2020-08-02 19:03:57,1.8
2020-08-02 19:03:58,1.8
2020-08-02 19:03:59,2.1
2020-08-02 19:04:00,1.9
2020-08-02 19:04:01,1.8
2020-08-02 19:04:02,1.9
2020-08-02 19:04:03,1.8
2020-08-02 19:04:04,1.9
2020-08-02 19:04:05,2
2020-08-02 19:04:06,2.1
2020-08-02 19:04:07,2.1
2020-08-02 19:04:08,2.1
2020-08-02 19:04:09,2.1
2020-08-02 19:04:10,2
2020-08-02 19:04:11,2.2
2020-08-02 19:04:12,2.2
2020-08-02 19:04:13,2.2
2020-08-02 19:04:14,2.1
2020-08-02 19:04:15,2.1
2020-08-02 19:04:16,2.1
2020-08-02 19:04:17,2.2
2020-08-02 19:04:18,2.2
2020-08-02 19:04:19,2.3
2020-08-02 19:04:20,2.3
2020-08-02 19:04:21,2.5
2020-08-02 19:04:22,2.5
2020-08-02 19:04:23,2.4
2020-08-02 19:04:24,2.4
2020-08-02 19:04:25,2.4
2020-08-02 19:04:26,2.4
2020-08-02 19:04:27,2.4
2020-08-02 19:04:28,2.5
2020-08-02 19:04:29,2.5
2020-08-02 19:04:30,2.5
2020-08-02 19:04:31,2.5
2020-08-02 19:04:32,2.5
2020-08-02 19:04:33,2.7
2020-08-02 19:04:34,2.7
2020-08-02 19:04:35,2.7
2020-08-02 19:04:36,2.7
2020-08-02 19:04:37,2.4
2020-08-02 19:04:38,2.5
2020-08-02 19:04:39,2.3
2020-08-02 19:04:40,2.3
2020-08-02 19:04:41,2.1
2020-08-02 19:04:42,2
2020-08-02 19:04:43,1.9
2020-08-02 19:04:44,2.1
2020-08-02 19:04:45,2.3
2020-08-02 19:04:46,2.2
2020-08-02 19:04:47,2.3
2020-08-02 19:04:48,2.5
2020-08-02 19:04:49,2.5
2020-08-02 19:04:50,2.6
2020-08-02 19:04:51,2.7
2020-08-02 19:04:52,2.8
2020-08-02 19:04:53,2.7
2020-08-02 19:04:54,2.7
2020-08-02 19:04:55,2.7
2020-08-02 19:04:56,2.7
2020-08-02 19:04:57,2.8
2020-08-02 19:04:58,3.1
2020-08-02 19:04:59,2.8
2020-08-02 19:05:00,3.1
2020-08-02 19:05:01,10.4
2020-08-02 19:05:02,5.4
2020-08-02 19:05:03,0.9
2020-08-02 19:05:04,0.6
2020-08-02 19:05:05,0.7
2020-08-02 19:05:06,0.3
2020-08-02 19:05:07,-0.3
2020-08-02 19:05:08,-0.5
2020-08-02 19:05:09,0.8
2020-08-02 19:05:10,4.4
2020-08-02 19:05:11,6.2
2020-08-02 19:05:12,-1.2
2020-08-02 19:05:13,-3.8
2020-08-02 19:05:14,-6.2
2020-08-02 19:05:15,-11.6
2020-08-02 19:05:16,1.8
2020-08-02 19:05:17,4.5
2020-08-02 19:05:18,4.3
2020-08-02 19:05:19,4
2020-08-02 19:05:20,3.5
2020-08-02 19:05:21,3.3
2020-08-02 19:05:22,3
2020-08-02 19:05:23,2.7
2020-08-02 19:05:24,2.6
2020-08-02 19:05:25,2.6
2020-08-02 19:05:26,2.6
2020-08-02 19:05:27,2.6
2020-08-02 19:05:28,2.5
2020-08-02 19:05:29,2.6
2020-08-02 19:05:30,2.7
2020-08-02 19:05:31,2.6
2020-08-02 19:05:32,2.6
2020-08-02 19:05:33,2.6
2020-08-02 19:05:34,2.4
2020-08-02 19:05:35,2.3
2020-08-02 19:05:36,2.4
2020-08-02 19:05:37,2.6
2020-08-02 19:05:38,2.5
2020-08-02 19:05:39,2.6
2020-08-02 19:05:40,2.6
2020-08-02 19:05:41,2.4
2020-08-02 19:05:42,2.3
2020-08-02 19:05:43,2.5
2020-08-02 19:05:44,2.4
2020-08-02 19:05:45,2.6
2020-08-02 19:05:46,2.5
2020-08-02 19:05:47,2.5
2020-08-02 19:05:48,2.4
2020-08-02 19:05:49,2.3
2020-08-02 19:05:50,2.3
2020-08-02 19:05:51,2.3
2020-08-02 19:05:52,2.3
2020-08-02 19:05:53,2.4
2020-08-02 19:05:54,2.4
2020-08-02 19:05:55,2.6
2020-08-02 19:05:56,2.5
2020-08-02 19:05:57,2.5
2020-08-02 19:05:58,2.3
2020-08-02 19:05:59,2.3
2020-08-02 19:06:00,2.4
2020-08-02 19:06:01,2.4
2020-08-02 19:06:02,2.5
2020-08-02 19:06:03,2.6
2020-08-02 19:06:04,2.6
2020-08-02 19:06:05,2.7
2020-08-02 19:06:06,2.6
2020-08-02 19:06:07,2.6
2020-08-02 19:06:08,2.6
2020-08-02 19:06:09,2.7
2020-08-02 19:06:10,2.6
2020-08-02 19:06:11,2.5
2020-08-02 19:06:12,2.3
2020-08-02 19:06:13,2.3
2020-08-02 19:06:14,2.5
2020-08-02 19:06:15,2.4
2020-08-02 19:06:16,2.6
2020-08-02 19:06:17,2.8
2020-08-02 19:06:18,2.8
2020-08-02 19:06:19,2.8
2020-08-02 19:06:20,2.7
2020-08-02 19:06:21,2.7
2020-08-02 19:06:22,2.6
2020-08-02 19:06:23,2.6
2020-08-02 19:06:24,2.7
2020-08-02 19:06:25,2.7
2020-08-02 19:06:26,2.9
2020-08-02 19:06:27,2.7
2020-08-02 19:06:28,2.8
2020-08-02 19:06:29,2.7
2020-08-02 19:06:30,2.7
2020-08-02 19:06:31,2.7
2020-08-02 19:06:32,2.5
2020-08-02 19:06:33,2.4
2020-08-02 19:06:34,2.6
2020-08-02 19:06:35,2.6
2020-08-02 19:06:36,2.6
2020-08-02 19:06:37,2.6
2020-08-02 19:06:38,2.5
2020-08-02 19:06:39,2.7
2020-08-02 19:06:40,2.8
2020-08-02 19:06:41,2.8
2020-08-02 19:06:42,2.9
2020-08-02 19:06:43,2.7
2020-08-02 19:06:44,2.9
2020-08-02 19:06:45,3.2
2020-08-02 19:06:46,3
2020-08-02 19:06:47,-12.3
2020-08-02 19:06:48,-6.5
2020-08-02 19:06:49,-1
2020-08-02 19:06:50,-1.2
2020-08-02 19:06:51,0.2
2020-08-02 19:06:52,0.6
2020-08-02 19:06:53,1.1
2020-08-02 19:06:54,1.2
2020-08-02 19:06:55,1.5
2020-08-02 19:06:56,1.6
2020-08-02 19:06:57,1.4
2020-08-02 19:06:58,-2.2
2020-08-02 19:06:59,-3.3
2020-08-02 19:07:00,4
2020-08-02 19:07:01,7.1
2020-08-02 19:07:02,16.3
2020-08-02 19:07:03,14.3
2020-08-02 19:07:04,5.2
2020-08-02 19:07:05,0.2
2020-08-02 19:07:06,0.3
2020-08-02 19:07:07,0.6
2020-08-02 19:07:08,1
2020-08-02 19:07:09,1.2
2020-08-02 19:07:10,1.5
2020-08-02 19:07:11,1.8
2020-08-02 19:07:12,1.9
2020-08-02 19:07:13,1.9
2020-08-02 19:07:14,2
2020-08-02 19:07:15,1.9
2020-08-02 19:07:16,1.9
2020-08-02 19:07:17,2
2020-08-02 19:07:18,2.2
2020-08-02 19:07:19,2.1
2020-08-02 19:07:20,2.3
2020-08-02 19:07:21,2.4
2020-08-02 19:07:22,2.6
2020-08-02 19:07:23,2.6
2020-08-02 19:07:24,2.6
2020-08-02 19:07:25,2.6
2020-08-02 19:07:26,2.5
2020-08-02 19:07:27,2.3
2020-08-02 19:07:28,2.1
2020-08-02 19:07:29,2.2
2020-08-02 19:07:30,1.9
2020-08-02 19:07:31,2.1
2020-08-02 19:07:32,2.1
2020-08-02 19:07:33,2.1
2020-08-02 19:07:34,2
2020-08-02 19:07:35,2.1
2020-08-02 19:07:36,2.1
2020-08-02 19:07:37,2.1
2020-08-02 19:07:38,2.1
2020-08-02 19:07:39,2.1
2020-08-02 19:07:40,2.1
2020-08-02 19:07:41,2
2020-08-02 19:07:42,2.1
2020-08-02 19:07:43,2.1
2020-08-02 19:07:44,2.2
2020-08-02 19:07:45,2.1
2020-08-02 19:07:46,1.9
2020-08-02 19:07:47,1.9
2020-08-02 19:07:48,1.9
2020-08-02 19:07:49,1.7
2020-08-02 19:07:50,1.6
2020-08-02 19:07:51,1.5
2020-08-02 19:07:52,1.7
2020-08-02 19:07:53,1.7
2020-08-02 19:07:54,1.9
2020-08-02 19:07:55,2
2020-08-02 19:07:56,2.1
2020-08-02 19:07:57,2.3
2020-08-02 19:07:58,2.2
2020-08-02 19:07:59,2.1
2020-08-02 19:08:00,2
2020-08-02 19:08:01,1.9
2020-08-02 19:08:02,1.9
2020-08-02 19:08:03,1.8
2020-08-02 19:08:04,2.1
2020-08-02 19:08:05,2
2020-08-02 19:08:06,2
2020-08-02 19:08:07,2.2
2020-08-02 19:08:08,2.2
2020-08-02 19:08:09,2.3
2020-08-02 19:08:10,2.4
2020-08-02 19:08:11,2.4
2020-08-02 19:08:12,2.2
2020-08-02 19:08:13,2.3
2020-08-02 19:08:14,2.4
2020-08-02 19:08:15,2.4
2020-08-02 19:08:16,2.2
2020-08-02 19:08:17,2.3
2020-08-02 19:08:18,2.1
2020-08-02 19:08:19,2
2020-08-02 19:08:20,2.1
2020-08-02 19:08:21,2.1
2020-08-02 19:08:22,2.3
2020-08-02 19:08:23,2.3
2020-08-02 19:08:24,2.2
2020-08-02 19:08:25,2.3
2020-08-02 19:08:26,2.1
2020-08-02 19:08:27,2.1
2020-08-02 19:08:28,2.1
2020-08-02 19:08:29,2.2
2020-08-02 19:08:30,2.1
2020-08-02 19:08:31,2.1
2020-08-02 19:08:32,2.2
2020-08-02 19:08:33,2.6
2020-08-02 19:08:34,7.7
2020-08-02 19:08:35,7
2020-08-02 19:08:36,0.6
2020-08-02 19:08:37,0.1
2020-08-02 19:08:38,0.2
2020-08-02 19:08:39,-0.2
2020-08-02 19:08:40,-0.7
2020-08-02 19:08:41,-1
2020-08-02 19:08:42,0.5
2020-08-02 19:08:43,3
2020-08-02 19:08:44,5.9
2020-08-02 19:08:45,-1.3
2020-08-02 19:08:46,-3.7
2020-08-02 19:08:47,-5.3
2020-08-02 19:08:48,-12.6
2020-08-02 19:08:49,0.6
2020-08-02 19:08:50,4.2
2020-08-02 19:08:51,4
2020-08-02 19:08:52,3.5
2020-08-02 19:08:53,3.1
2020-08-02 19:08:54,2.9
2020-08-02 19:08:55,2.6
2020-08-02 19:08:56,2.5
2020-08-02 19:08:57,2.4
2020-08-02 19:08:58,2.4
2020-08-02 19:08:59,2.5
2020-08-02 19:09:00,2.6
2020-08-02 19:09:01,2.7
2020-08-02 19:09:02,2.7
2020-08-02 19:09:03,2.9
2020-08-02 19:09:04,2.7
2020-08-02 19:09:05,2.6
2020-08-02 19:09:06,2.5
2020-08-02 19:09:07,2.5
2020-08-02 19:09:08,2.3
2020-08-02 19:09:09,2.2
2020-08-02 19:09:10,2.2
2020-08-02 19:09:11,2.1
2020-08-02 19:09:12,2.2
2020-08-02 19:09:13,2.3
2020-08-02 19:09:14,2.4
2020-08-02 19:09:15,2.5
2020-08-02 19:09:16,2.6
2020-08-02 19:09:17,2.5
2020-08-02 19:09:18,2.5
2020-08-02 19:09:19,2.6
2020-08-02 19:09:20,2.6
2020-08-02 19:09:21,2.5
2020-08-02 19:09:22,2.6
2020-08-02 19:09:23,2.5
2020-08-02 19:09:24,2.5
2020-08-02 19:09:25,2.5
2020-08-02 19:09:26,2.3
2020-08-02 19:09:27,2.4
2020-08-02 19:09:28,2.3
2020-08-02 19:09:29,2.4
2020-08-02 19:09:30,2.3
2020-08-02 19:09:31,2.4
2020-08-02 19:09:32,2.4
2020-08-02 19:09:33,2.4
2020-08-02 19:09:34,2.4
2020-08-02 19:09:35,2.4
2020-08-02 19:09:36,2.2
2020-08-02 19:09:37,2.4
2020-08-02 19:09:38,2.4
2020-08-02 19:09:39,2.5
2020-08-02 19:09:40,2.6
2020-08-02 19:09:41,2.6
2020-08-02 19:09:42,2.7
2020-08-02 19:09:43,2.6
2020-08-02 19:09:44,2.5
2020-08-02 19:09:45,2.5
2020-08-02 19:09:46,2.5
2020-08-02 19:09:47,2.5
2020-08-02 19:09:48,2.5
2020-08-02 19:09:49,2.4
2020-08-02 19:09:50,2.2
2020-08-02 19:09:51,2.1
2020-08-02 19:09:52,2.3
2020-08-02 19:09:53,2.4
2020-08-02 19:09:54,2.4
2020-08-02 19:09:55,2.5
2020-08-02 19:09:56,2.3
2020-08-02 19:09:57,2.3
2020-08-02 19:09:58,2.1
2020-08-02 19:09:59,2.2
2020-08-02 19:10:00,2.1
2020-08-02 19:10:01,2.1
2020-08-02 19:10:02,2.2
2020-08-02 19:10:03,2.2
2020-08-02 19:10:04,2.2
2020-08-02 19:10:05,2.1
2020-08-02 19:10:06,2.3
2020-08-02 19:10:07,2.3
2020-08-02 19:10:08,2.2
2020-08-02 19:10:09,2.1
2020-08-02 19:10:10,2.2
2020-08-02 19:10:11,2.1
2020-08-02 19:10:12,2.3
2020-08-02 19:10:13,2.2
2020-08-02 19:10:14,2.3
2020-08-02 19:10:15,2.3
2020-08-02 19:10:16,2.2
2020-08-02 19:10:17,2.3
2020-08-02 19:10:18,2.3
2020-08-02 19:10:19,2.6
2020-08-02 19:10:20,2.6
2020-08-02 19:10:21,-11.9
2020-08-02 19:10:22,-6.3
2020-08-02 19:10:23,-1.1
2020-08-02 19:10:24,-1.7
2020-08-02 19:10:25,-0.4
2020-08-02 19:10:26,0.4
2020-08-02 19:10:27,0.9
2020-08-02 19:10:28,1.1
2020-08-02 19:10:29,1.3
2020-08-02 19:10:30,2
2020-08-02 19:10:31,1.5
2020-08-02 19:10:32,-7.3
2020-08-02 19:10:33,1.9
2020-08-02 19:10:34,4.9
2020-08-02 19:10:35,12.3
2020-08-02 19:10:36,7.9
2020-08-02 19:10:37,0.6
2020-08-02 19:10:38,0.5
2020-08-02 19:10:39,0.8
2020-08-02 19:10:40,1.3
2020-08-02 19:10:41,1.5
2020-08-02 19:10:42,1.8
2020-08-02 19:10:43,1.8
2020-08-02 19:10:44,2
2020-08-02 19:10:45,2
2020-08-02 19:10:46,2
2020-08-02 19:10:47,2.2
2020-08-02 19:10:48,2.1
2020-08-02 19:10:49,2.3
2020-08-02 19:10:50,2.3
2020-08-02 19:10:51,2.4
2020-08-02 19:10:52,2.5
2020-08-02 19:10:53,2.6
2020-08-02 19:10:54,2.7
2020-08-02 19:10:55,2.7
2020-08-02 19:10:56,2.6
2020-08-02 19:10:57,2.5
2020-08-02 19:10:58,2.5
2020-08-02 19:10:59,2.5
2020-08-02 19:11:00,2.3
2020-08-02 19:11:01,2.4
2020-08-02 19:11:02,2.4
2020-08-02 19:11:03,2.5
2020-08-02 19:11:04,2.4
2020-08-02 19:11:05,2.5
2020-08-02 19:11:06,2.5
2020-08-02 19:11:07,2.7
2020-08-02 19:11:08,2.7
2020-08-02 19:11:09,2.7
2020-08-02 19:11:10,2.6
2020-08-02 19:11:11,2.6
2020-08-02 19:11:12,2.4
2020-08-02 19:11:13,2.5
2020-08-02 19:11:14,2.7
2020-08-02 19:11:15,2.5
2020-08-02 19:11:16,2.6
2020-08-02 19:11:17,2.5
2020-08-02 19:11:18,2.5
2020-08-02 19:11:19,2.4
2020-08-02 19:11:20,2.4
2020-08-02 19:11:21,2.5
2020-08-02 19:11:22,2.3
2020-08-02 19:11:23,2.3
2020-08-02 19:11:24,2.4
2020-08-02 19:11:25,2.5
2020-08-02 19:11:26,2.6
2020-08-02 19:11:27,2.5
2020-08-02 19:11:28,2.3
2020-08-02 19:11:29,2.4
2020-08-02 19:11:30,2.2
2020-08-02 19:11:31,1.9
2020-08-02 19:11:32,1.9
2020-08-02 19:11:33,1.8
2020-08-02 19:11:34,1.8
2020-08-02 19:11:35,1.7
2020-08-02 19:11:36,1.6
2020-08-02 19:11:37,1.6
2020-08-02 19:11:38,1.6
2020-08-02 19:11:39,1.7
2020-08-02 19:11:40,1.6
2020-08-02 19:11:41,1.8
2020-08-02 19:11:42,1.8
2020-08-02 19:11:43,1.8
2020-08-02 19:11:44,1.7
2020-08-02 19:11:45,1.6
2020-08-02 19:11:46,1.6
2020-08-02 19:11:47,1.6
2020-08-02 19:11:48,1.5
2020-08-02 19:11:49,1.6
2020-08-02 19:11:50,1.4
2020-08-02 19:11:51,1.4
2020-08-02 19:11:52,1.4
2020-08-02 19:11:53,1.4
2020-08-02 19:11:54,1.4
2020-08-02 19:11:55,1.4
2020-08-02 19:11:56,1.5
2020-08-02 19:11:57,1.4
2020-08-02 19:11:58,1.4
2020-08-02 19:11:59,1.4
2020-08-02 19:12:00,1.6
2020-08-02 19:12:01,1.6
2020-08-02 19:12:02,1.5
2020-08-02 19:12:03,1.6
2020-08-02 19:12:04,1.6
2020-08-02 19:12:05,1.7
2020-08-02 19:12:06,1.9
2020-08-02 19:12:07,2
2020-08-02 19:12:08,9.1
2020-08-02 19:12:09,3.3
2020-08-02 19:12:10,0.1
2020-08-02 19:12:11,-0.2
2020-08-02 19:12:12,-0.2
2020-08-02 19:12:13,-0.6
2020-08-02 19:12:14,-1.3
2020-08-02 19:12:15,-1.2
2020-08-02 19:12:16,0
2020-08-02 19:12:17,6.8
2020-08-02 19:12:18,4.9
2020-08-02 19:12:19,-1.4
2020-08-02 19:12:20,-3.6
2020-08-02 19:12:21,-5.7
2020-08-02 19:12:22,-12.8
2020-08-02 19:12:23,1.4
2020-08-02 19:12:24,4.6
2020-08-02 19:12:25,4.4
2020-08-02 19:12:26,3.8
2020-08-02 19:12:27,3.3
2020-08-02 19:12:28,3.1
2020-08-02 19:12:29,2.9
2020-08-02 19:12:30,2.7
2020-08-02 19:12:31,2.5
2020-08-02 19:12:32,2.5
2020-08-02 19:12:33,2.6
2020-08-02 19:12:34,2.6
2020-08-02 19:12:35,2.4
2020-08-02 19:12:36,2.5
2020-08-02 19:12:37,2.6
2020-08-02 19:12:38,2.7
2020-08-02 19:12:39,2.8
2020-08-02 19:12:40,2.7
2020-08-02 19:12:41,2.6
2020-08-02 19:12:42,2.4
2020-08-02 19:12:43,2.4
2020-08-02 19:12:44,2.2
2020-08-02 19:12:45,2.4
2020-08-02 19:12:46,2.3
2020-08-02 19:12:47,2.2
2020-08-02 19:12:48,2.4
2020-08-02 19:12:49,2.4
2020-08-02 19:12:50,2.5
2020-08-02 19:12:51,2.4
2020-08-02 19:12:52,2.4
2020-08-02 19:12:53,2.6
2020-08-02 19:12:54,2.5
2020-08-02 19:12:55,2.4
2020-08-02 19:12:56,2.4
2020-08-02 19:12:57,2.4
2020-08-02 19:12:58,2.2
2020-08-02 19:12:59,2.3
2020-08-02 19:13:00,2.1
2020-08-02 19:13:01,2.3
2020-08-02 19:13:02,2.1
2020-08-02 19:13:03,2.3
2020-08-02 19:13:04,2.3
2020-08-02 19:13:05,2.5
2020-08-02 19:13:06,2.5
2020-08-02 19:13:07,2.6
2020-08-02 19:13:08,2.6
2020-08-02 19:13:09,2.5
2020-08-02 19:13:10,2.7
2020-08-02 19:13:11,2.8
2020-08-02 19:13:12,2.6
2020-08-02 19:13:13,2.6
2020-08-02 19:13:14,2.6
2020-08-02 19:13:15,2.6
2020-08-02 19:13:16,2.6
2020-08-02 19:13:17,2.3
2020-08-02 19:13:18,2.2
2020-08-02 19:13:19,2.4
2020-08-02 19:13:20,2.6
2020-08-02 19:13:21,2.6
2020-08-02 19:13:22,2.4
2020-08-02 19:13:23,2.6
2020-08-02 19:13:24,2.6
2020-08-02 19:13:25,2.7
2020-08-02 19:13:26,2.8
2020-08-02 19:13:27,3
2020-08-02 19:13:28,3.1
2020-08-02 19:13:29,3
2020-08-02 19:13:30,2.8
2020-08-02 19:13:31,2.7
2020-08-02 19:13:32,2.8
2020-08-02 19:13:33,2.7
2020-08-02 19:13:34,2.6
2020-08-02 19:13:35,2.3
2020-08-02 19:13:36,2.3
2020-08-02 19:13:37,2.5
2020-08-02 19:13:38,2.5
2020-08-02 19:13:39,2.5
2020-08-02 19:13:40,2.6
2020-08-02 19:13:41,2.6
2020-08-02 19:13:42,2.8
2020-08-02 19:13:43,2.4
2020-08-02 19:13:44,2.4
2020-08-02 19:13:45,2.5
2020-08-02 19:13:46,2.6
2020-08-02 19:13:47,2.6
2020-08-02 19:13:48,2.3
2020-08-02 19:13:49,2.2
2020-08-02 19:13:50,2.3
2020-08-02 19:13:51,2.4
2020-08-02 19:13:52,2.2
2020-08-02 19:13:53,2.2
2020-08-02 19:13:54,2.9
2020-08-02 19:13:55,2.7
2020-08-02 19:13:56,-11.5
2020-08-02 19:13:57,-6
2020-08-02 19:13:58,-0.9
2020-08-02 19:13:59,-1.5
2020-08-02 19:14:00,-0.7
2020-08-02 19:14:01,-0.3
2020-08-02 19:14:02,0
2020-08-02 19:14:03,0.5
2020-08-02 19:14:04,0.7
2020-08-02 19:14:05,1
2020-08-02 19:14:06,0.8
2020-08-02 19:14:07,-6.6
2020-08-02 19:14:08,-0.3
2020-08-02 19:14:09,3.9
2020-08-02 19:14:10,9.1
2020-08-02 19:14:11,11.9
2020-08-02 19:14:12,0.4
2020-08-02 19:14:13,-0.8
2020-08-02 19:14:14,-0.1
2020-08-02 19:14:15,0.1
2020-08-02 19:14:16,0.7
2020-08-02 19:14:17,1
2020-08-02 19:14:18,1.3
2020-08-02 19:14:19,1.4
2020-08-02 19:14:20,1.6
2020-08-02 19:14:21,1.9
2020-08-02 19:14:22,2
2020-08-02 19:14:23,2
2020-08-02 19:14:24,2.1
2020-08-02 19:14:25,2.1
2020-08-02 19:14:26,2
2020-08-02 19:14:27,2.1
2020-08-02 19:14:28,2.3
2020-08-02 19:14:29,2.3
2020-08-02 19:14:30,2.4
2020-08-02 19:14:31,2.4
2020-08-02 19:14:32,2.5
2020-08-02 19:14:33,2.4
2020-08-02 19:14:34,2.4
2020-08-02 19:14:35,2.4
2020-08-02 19:14:36,2.3
2020-08-02 19:14:37,2.3
2020-08-02 19:14:38,2.3
2020-08-02 19:14:39,2.3
2020-08-02 19:14:40,2.5
2020-08-02 19:14:41,2.3
2020-08-02 19:14:42,2.3
2020-08-02 19:14:43,2.6
2020-08-02 19:14:44,2.5
2020-08-02 19:14:45,2.4
2020-08-02 19:14:46,2.5
2020-08-02 19:14:47,2.4
2020-08-02 19:14:48,2.7
2020-08-02 19:14:49,2.8
2020-08-02 19:14:50,2.7
2020-08-02 19:14:51,2.8
2020-08-02 19:14:52,2.7
2020-08-02 19:14:53,2.6
2020-08-02 19:14:54,2.7
2020-08-02 19:14:55,2.5
2020-08-02 19:14:56,2.5
2020-08-02 19:14:57,2.3
2020-08-02 19:14:58,2.4
2020-08-02 19:14:59,2.3
2020-08-02 19:15:00,2.3
2020-08-02 19:15:01,2.4
2020-08-02 19:15:02,2.5
2020-08-02 19:15:03,2.3
2020-08-02 19:15:04,2.2
2020-08-02 19:15:05,2.2
2020-08-02 19:15:06,2.4
2020-08-02 19:15:07,2.3
2020-08-02 19:15:08,2.3
2020-08-02 19:15:09,2.4
2020-08-02 19:15:10,2.4
2020-08-02 19:15:11,2.4
2020-08-02 19:15:12,2.4
2020-08-02 19:15:13,2.3
2020-08-02 19:15:14,2.4
2020-08-02 19:15:15,2.1
2020-08-02 19:15:16,2
2020-08-02 19:15:17,1.8
2020-08-02 19:15:18,1.8
2020-08-02 19:15:19,1.8
2020-08-02 19:15:20,2
2020-08-02 19:15:21,2.1
2020-08-02 19:15:22,2.2
2020-08-02 19:15:23,2.2
2020-08-02 19:15:24,2.3
2020-08-02 19:15:25,2.3
2020-08-02 19:15:26,2.1
2020-08-02 19:15:27,2.1
2020-08-02 19:15:28,2.2
2020-08-02 19:15:29,2.1
2020-08-02 19:15:30,2.1
2020-08-02 19:15:31,2
2020-08-02 19:15:32,2.1
2020-08-02 19:15:33,2
2020-08-02 19:15:34,2
2020-08-02 19:15:35,2
2020-08-02 19:15:36,1.9
2020-08-02 19:15:37,1.9
2020-08-02 19:15:38,2
2020-08-02 19:15:39,2
2020-08-02 19:15:40,1.9
2020-08-02 19:15:41,2
2020-08-02 19:15:42,2
2020-08-02 19:15:43,2.1
2020-08-02 19:15:44,2.3
2020-08-02 19:15:45,12.3
2020-08-02 19:15:46,1.6
2020-08-02 19:15:47,0.6
2020-08-02 19:15:48,1.2
2020-08-02 19:15:49,1.3
2020-08-02 19:15:50,1
2020-08-02 19:15:51,-0.1
2020-08-02 19:15:52,0.8
2020-08-02 19:15:53,1.1
2020-08-02 19:15:54,6.9
2020-08-02 19:15:55,2.3
2020-08-02 19:15:56,-3.5
2020-08-02 19:15:57,-3.8
2020-08-02 19:15:58,-11.9
2020-08-02 19:15:59,-11.3
2020-08-02 19:16:00,4
2020-08-02 19:16:01,5.5
2020-08-02 19:16:02,4.9
2020-08-02 19:16:03,4.1
2020-08-02 19:16:04,3.5
2020-08-02 19:16:05,2.8
2020-08-02 19:16:06,2.7
2020-08-02 19:16:07,2.2
2020-08-02 19:16:08,2.4
2020-08-02 19:16:09,2.3
2020-08-02 19:16:10,2.2
2020-08-02 19:16:11,2.1
2020-08-02 19:16:12,2.2
2020-08-02 19:16:13,2.2
2020-08-02 19:16:14,2.3
2020-08-02 19:16:15,2.3
2020-08-02 19:16:16,2.4
2020-08-02 19:16:17,2.4
2020-08-02 19:16:18,2.3
2020-08-02 19:16:19,2.3
2020-08-02 19:16:20,2.4
2020-08-02 19:16:21,2.2
2020-08-02 19:16:22,3.2
2020-08-02 19:16:23,4.2
2020-08-02 19:16:24,4.9
2020-08-02 19:16:25,5.3
2020-08-02 19:16:26,5.5
2020-08-02 19:16:27,5.7
2020-08-02 19:16:28,5.8
2020-08-02 19:16:29,5.6
2020-08-02 19:16:30,4.9
2020-08-02 19:16:31,4.6
2020-08-02 19:16:32,4.3
2020-08-02 19:16:33,4.1
2020-08-02 19:16:34,3.9
2020-08-02 19:16:35,3.7
2020-08-02 19:16:36,3.9
2020-08-02 19:16:37,4.5
2020-08-02 19:16:38,3.9
2020-08-02 19:16:39,3.6
2020-08-02 19:16:40,3.3
2020-08-02 19:16:41,3.3
2020-08-02 19:16:42,3
2020-08-02 19:16:43,3.4
2020-08-02 19:16:44,3.2
2020-08-02 19:16:45,3.2
2020-08-02 19:16:46,3.4
2020-08-02 19:16:47,3.5
2020-08-02 19:16:48,3.6
2020-08-02 19:16:49,3.5
2020-08-02 19:16:50,3.2
2020-08-02 19:16:51,3.4
2020-08-02 19:16:52,6.1
2020-08-02 19:16:53,-2.1
2020-08-02 19:16:54,-0.7
2020-08-02 19:16:55,0.2
2020-08-02 19:16:56,-1.3
2020-08-02 19:16:57,-3
2020-08-02 19:16:58,-4.2
2020-08-02 19:16:59,-2.7
2020-08-02 19:17:00,-1.8
2020-08-02 19:17:01,-1.3
2020-08-02 19:17:02,-0.8
2020-08-02 19:17:03,-0.6
2020-08-02 19:17:04,-0.2
2020-08-02 19:17:05,0.2
2020-08-02 19:17:06,0.4
2020-08-02 19:17:07,0.4
2020-08-02 19:17:08,0.7
2020-08-02 19:17:09,1
2020-08-02 19:17:10,1
2020-08-02 19:17:11,1
2020-08-02 19:17:12,1
2020-08-02 19:17:13,1.1
2020-08-02 19:17:14,1.1
2020-08-02 19:17:15,1
2020-08-02 19:17:16,3.5
2020-08-02 19:17:17,10.5
2020-08-02 19:17:18,4.7
2020-08-02 19:17:19,5.2
2020-08-02 19:17:20,6.2
2020-08-02 19:17:21,6.9
2020-08-02 19:17:22,6.9
2020-08-02 19:17:23,6.5
2020-08-02 19:17:24,5.8
2020-08-02 19:17:25,5.1
2020-08-02 19:17:26,4.4
2020-08-02 19:17:27,3.5
2020-08-02 19:17:28,2.9
2020-08-02 19:17:29,2.8
2020-08-02 19:17:30,2.3
2020-08-02 19:17:31,2.3
2020-08-02 19:17:32,2.3
2020-08-02 19:17:33,2.2
2020-08-02 19:17:34,2.3
2020-08-02 19:17:35,2.3
2020-08-02 19:17:36,2.4
2020-08-02 19:17:37,2.5
2020-08-02 19:17:38,2.4
2020-08-02 19:17:39,2.4
2020-08-02 19:17:40,2.6
2020-08-02 19:17:41,2.4
2020-08-02 19:17:42,2.5
2020-08-02 19:17:43,2.5
2020-08-02 19:17:44,2.5
2020-08-02 19:17:45,2.3
2020-08-02 19:17:46,2.2
2020-08-02 19:17:47,2.1
2020-08-02 19:17:48,1.8
2020-08-02 19:17:49,1.9
2020-08-02 19:17:50,2.1
2020-08-02 19:17:51,2.2
2020-08-02 19:17:52,2.2
2020-08-02 19:17:53,2.1
2020-08-02 19:17:54,2
2020-08-02 19:17:55,1.8
2020-08-02 19:17:56,1.9
2020-08-02 19:17:57,1.8
2020-08-02 19:17:58,1.8
2020-08-02 19:17:59,1.7
2020-08-02 19:18:00,1.8
2020-08-02 19:18:01,1.8
2020-08-02 19:18:02,1.9
2020-08-02 19:18:03,1.9
2020-08-02 19:18:04,2.1
2020-08-02 19:18:05,1.9
2020-08-02 19:18:06,2.3
2020-08-02 19:18:07,0
2020-08-02 19:18:08,-9.1
2020-08-02 19:18:09,-3.3
2020-08-02 19:18:10,-1.4
2020-08-02 19:18:11,-2.2
2020-08-02 19:18:12,-1.9
2020-08-02 19:18:13,-1.6
2020-08-02 19:18:14,-1.1
2020-08-02 19:18:15,-0.8
2020-08-02 19:18:16,-0.6
2020-08-02 19:18:17,0.2
2020-08-02 19:18:18,-0.3
2020-08-02 19:18:19,-8.1
2020-08-02 19:18:20,2.3
2020-08-02 19:18:21,5.7
2020-08-02 19:18:22,15
2020-08-02 19:18:23,8.3
2020-08-02 19:18:24,-1.1
2020-08-02 19:18:25,-0.9
2020-08-02 19:18:26,-0.3
2020-08-02 19:18:27,0.2
2020-08-02 19:18:28,0.9
2020-08-02 19:18:29,1.1
2020-08-02 19:18:30,1.4
2020-08-02 19:18:31,1.5
2020-08-02 19:18:32,1.5
2020-08-02 19:18:33,1.6
2020-08-02 19:18:34,1.7
2020-08-02 19:18:35,1.7
2020-08-02 19:18:36,1.8
2020-08-02 19:18:37,1.8
2020-08-02 19:18:38,1.7
2020-08-02 19:18:39,1.8
2020-08-02 19:18:40,1.7
2020-08-02 19:18:41,1.8
2020-08-02 19:18:42,1.8
2020-08-02 19:18:43,1.9
2020-08-02 19:18:44,1.8
2020-08-02 19:18:45,1.9
2020-08-02 19:18:46,2
2020-08-02 19:18:47,2
2020-08-02 19:18:48,2
2020-08-02 19:18:49,2.1
2020-08-02 19:18:50,2.2
2020-08-02 19:18:51,2.2
2020-08-02 19:18:52,2.2
2020-08-02 19:18:53,2.3
2020-08-02 19:18:54,2.2
2020-08-02 19:18:55,2.3
2020-08-02 19:18:56,2.1
2020-08-02 19:18:57,2
2020-08-02 19:18:58,1.9
2020-08-02 19:18:59,1.8
2020-08-02 19:19:00,2
2020-08-02 19:19:01,1.9
2020-08-02 19:19:02,1.9
2020-08-02 19:19:03,2.1
2020-08-02 19:19:04,2
2020-08-02 19:19:05,2.1
2020-08-02 19:19:06,2.1
2020-08-02 19:19:07,2.2
2020-08-02 19:19:08,2.3
2020-08-02 19:19:09,2.2
2020-08-02 19:19:10,2.2
2020-08-02 19:19:11,2.2
2020-08-02 19:19:12,2.1
2020-08-02 19:19:13,2
2020-08-02 19:19:14,2.2
2020-08-02 19:19:15,2.1
2020-08-02 19:19:16,2.2
2020-08-02 19:19:17,2.1
2020-08-02 19:19:18,2.1
2020-08-02 19:19:19,1.9
2020-08-02 19:19:20,1.9
2020-08-02 19:19:21,1.9
2020-08-02 19:19:22,2
2020-08-02 19:19:23,2
2020-08-02 19:19:24,1.9
2020-08-02 19:19:25,2
2020-08-02 19:19:26,1.9
2020-08-02 19:19:27,1.9
2020-08-02 19:19:28,1.9
2020-08-02 19:19:29,2.4
2020-08-02 19:19:30,2
2020-08-02 19:19:31,3.2
2020-08-02 19:19:32,3.2
2020-08-02 19:19:33,3.1
2020-08-02 19:19:34,3
2020-08-02 19:19:35,3.5
2020-08-02 19:19:36,3.7
2020-08-02 19:19:37,3.4
2020-08-02 19:19:38,3.1
2020-08-02 19:19:39,2.8
2020-08-02 19:19:40,2.6
2020-08-02 19:19:41,3
2020-08-02 19:19:42,3.7
2020-08-02 19:19:43,3.6
2020-08-02 19:19:44,3.3
2020-08-02 19:19:45,3
2020-08-02 19:19:46,2.2
2020-08-02 19:19:47,1.7
2020-08-02 19:19:48,1.6
2020-08-02 19:19:49,1.1
2020-08-02 19:19:50,1
2020-08-02 19:19:51,0.8
2020-08-02 19:19:52,0.6
2020-08-02 19:19:53,0.5
2020-08-02 19:19:54,0.6
2020-08-02 19:19:55,0.5
2020-08-02 19:19:56,0.4
2020-08-02 19:19:57,0.3
2020-08-02 19:19:58,0.3
2020-08-02 19:19:59,0.2
2020-08-02 19:20:00,0
2020-08-02 19:20:01,-0.1
2020-08-02 19:20:02,-0.1
2020-08-02 19:20:03,-0.4
2020-08-02 19:20:04,-0.3
2020-08-02 19:20:05,-0.3
2020-08-02 19:20:06,-0.5
2020-08-02 19:20:07,1.2
2020-08-02 19:20:08,-4.5
2020-08-02 19:20:09,-2.4
2020-08-02 19:20:10,2.5
2020-08-02 19:20:11,3
2020-08-02 19:20:12,3.1
2020-08-02 19:20:13,3
2020-08-02 19:20:14,2.9
2020-08-02 19:20:15,2.7
2020-08-02 19:20:16,2.6
2020-08-02 19:20:17,2.3
2020-08-02 19:20:18,2.1
2020-08-02 19:20:19,2
2020-08-02 19:20:20,1.9
2020-08-02 19:20:21,1.8
2020-08-02 19:20:22,1.8
2020-08-02 19:20:23,1.6
2020-08-02 19:20:24,1.5
2020-08-02 19:20:25,1.7
2020-08-02 19:20:26,1.3
2020-08-02 19:20:27,1.6
2020-08-02 19:20:28,1.6
2020-08-02 19:20:29,1.6
2020-08-02 19:20:30,1.7
2020-08-02 19:20:31,1.8
2020-08-02 19:20:32,1.8
2020-08-02 19:20:33,2
2020-08-02 19:20:34,2
2020-08-02 19:20:35,2.1
2020-08-02 19:20:36,2.2
2020-08-02 19:20:37,2.2
2020-08-02 19:20:38,2.1
2020-08-02 19:20:39,2
2020-08-02 19:20:40,2.2
2020-08-02 19:20:41,2.1
2020-08-02 19:20:42,1.9
2020-08-02 19:20:43,1.9
2020-08-02 19:20:44,2
2020-08-02 19:20:45,2.2
2020-08-02 19:20:46,2.2
2020-08-02 19:20:47,2
2020-08-02 19:20:48,2.4
2020-08-02 19:20:49,2.6
2020-08-02 19:20:50,-10.4
2020-08-02 19:20:51,-7.1
2020-08-02 19:20:52,-1.1
2020-08-02 19:20:53,-1.6
2020-08-02 19:20:54,-1.3
2020-08-02 19:20:55,-1.1
2020-08-02 19:20:56,-1.2
2020-08-02 19:20:57,-0.9
2020-08-02 19:20:58,-0.6
2020-08-02 19:20:59,-0.9
2020-08-02 19:21:00,-0.5
2020-08-02 19:21:01,-0.4
2020-08-02 19:21:02,-4.8
2020-08-02 19:21:03,4
2020-08-02 19:21:04,6.8
2020-08-02 19:21:05,16.8
2020-08-02 19:21:06,7.3
2020-08-02 19:21:07,-1.5
2020-08-02 19:21:08,-1.9
2020-08-02 19:21:09,-1.4
2020-08-02 19:21:10,-0.9
2020-08-02 19:21:11,-0.5
2020-08-02 19:21:12,-0.3
2020-08-02 19:21:13,-0.2
2020-08-02 19:21:14,0.3
2020-08-02 19:21:15,0.5
2020-08-02 19:21:16,0.8
2020-08-02 19:21:17,1.1
2020-08-02 19:21:18,1.2
2020-08-02 19:21:19,0.7
2020-08-02 19:21:20,-0.2
2020-08-02 19:21:21,1.9
2020-08-02 19:21:22,1.9
2020-08-02 19:21:23,-7.7
2020-08-02 19:21:24,-3.3
2020-08-02 19:21:25,-0.2
2020-08-02 19:21:26,0.7
2020-08-02 19:21:27,1.2
2020-08-02 19:21:28,2
2020-08-02 19:21:29,2.6
2020-08-02 19:21:30,3
2020-08-02 19:21:31,3.5
2020-08-02 19:21:32,4.2
2020-08-02 19:21:33,4.6
2020-08-02 19:21:34,5
2020-08-02 19:21:35,5.1
2020-08-02 19:21:36,5.4
2020-08-02 19:21:37,5.4
2020-08-02 19:21:38,5.4
2020-08-02 19:21:39,5.4
2020-08-02 19:21:40,5.6
2020-08-02 19:21:41,5.6
2020-08-02 19:21:42,5.8
2020-08-02 19:21:43,5.9
2020-08-02 19:21:44,5.9
2020-08-02 19:21:45,5.9
2020-08-02 19:21:46,5.9
2020-08-02 19:21:47,5.9
2020-08-02 19:21:48,5.9
2020-08-02 19:21:49,6.2
2020-08-02 19:21:50,6.1
2020-08-02 19:21:51,5.9
2020-08-02 19:21:52,5.9
2020-08-02 19:21:53,6.1
2020-08-02 19:21:54,6
2020-08-02 19:21:55,5.9
2020-08-02 19:21:56,6
2020-08-02 19:21:57,6
2020-08-02 19:21:58,5.9
2020-08-02 19:21:59,6.5
2020-08-02 19:22:00,5.2
2020-08-02 19:22:01,2
2020-08-02 19:22:02,-2.1
2020-08-02 19:22:03,-0.8
2020-08-02 19:22:04,0.3
2020-08-02 19:22:05,1.5
2020-08-02 19:22:06,2
2020-08-02 19:22:07,2.5
2020-08-02 19:22:08,2.9
2020-08-02 19:22:09,3.1
2020-08-02 19:22:10,3.2
2020-08-02 19:22:11,3.3
2020-08-02 19:22:12,2.9
2020-08-02 19:22:13,2.5
2020-08-02 19:22:14,2.2
2020-08-02 19:22:15,1.7
2020-08-02 19:22:16,1.1
2020-08-02 19:22:17,0.7
2020-08-02 19:22:18,0.2
2020-08-02 19:22:19,-0.1
2020-08-02 19:22:20,-0.3
2020-08-02 19:22:21,-0.2
2020-08-02 19:22:22,-0.4
2020-08-02 19:22:23,-0.6
2020-08-02 19:22:24,-0.4
2020-08-02 19:22:25,-0.1
2020-08-02 19:22:26,0.1
2020-08-02 19:22:27,0.2
2020-08-02 19:22:28,0.2
2020-08-02 19:22:29,0.3
2020-08-02 19:22:30,0.1
2020-08-02 19:22:31,0.1